Wall time,Step,Value
1654392115.2744646,495,-72.0
1654392137.5849695,1485,-30.0
1654392139.7677593,1584,-12.0
1654392146.4183717,1881,-22.0
1654392148.631351,1980,-90.0
1654392164.3070319,2673,10.0
1654392166.565811,2772,-58.0
1654392195.4921157,4059,34.0
1654392210.9263694,4752,-30.0
1654392213.2384777,4851,-76.0
1654392215.4963274,4950,-10.0
1654392244.5841093,6237,-88.0
1654392246.772463,6336,44.0
1654392253.449269,6633,-78.0
1654392255.6931655,6732,14.0
1654392262.3030174,7029,-24.0
1654392264.524855,7128,-44.0
1654392277.840341,7722,-98.0
1654392288.923748,8217,-94.0
1654392304.539957,8910,-120.0
1654392325.0314884,9900,14.0
1654392333.8551145,10296,-58.0
1654392342.7965755,10692,-84.0
1654392376.087723,12078,-40.0
1654392385.0856028,12474,-50.0
1654392387.3232481,12573,-76.0
1654392393.4590619,12771,-126.0
1654392398.5638492,12969,-142.0
1654392412.1103451,13563,94.0
1654392429.999883,14355,14.0
1654392434.4468548,14553,-50.0
1654392436.6510806,14652,-64.0
1654392443.290441,14949,-118.0
1654392459.476773,15642,-28.0
1654392466.171254,15939,-18.0
1654392470.6453595,16137,-10.0
1654392475.1208112,16335,-192.0
1654392493.0643032,17127,-22.0
1654392504.2312367,17622,-28.0
1654392519.7841105,18315,-22.0
1654392522.3421595,18414,26.0
1654392536.6838222,19008,-100.0
1654392538.9639728,19107,-62.0
1654392561.7945204,20196,20.0
1654392566.266805,20394,-34.0
1654392585.7278135,21186,-126.0
1654392590.1857522,21384,48.0
1654392610.2929857,22275,-120.0
1654392621.5342155,22770,-46.0
1654392655.3581681,24255,-68.0
1654392657.5241249,24354,-68.0
1654392686.6491902,25641,36.0
1654392688.8868444,25740,28.0
1654392717.3728054,26928,2.0
1654392724.0828986,27225,2.0
1654392742.044255,28017,64.0
1654392748.7021258,28314,-76.0
1654392756.8207169,28611,-54.0
1654392761.2106593,28809,-40.0
1654392772.4375057,29304,30.0
1654392776.8553076,29502,82.0
1654392779.0912418,29601,-130.0
1654392799.5717707,30591,-132.0
1654392808.5067444,30987,38.0
1654392817.4501784,31383,-100.0
1654392821.890959,31581,-82.0
1654392824.11785,31680,-94.0
1654392830.7269685,31977,-46.0
1654392882.0409853,34254,32.0
1654392884.7649775,34353,-70.0
1654392912.3623354,35541,-68.0
1654392925.5440378,36135,-2.0
1654392927.7508426,36234,-98.0
1654392929.9617043,36333,0.0
1654392957.9908347,37521,32.0
1654392975.7844205,38313,-76.0
1654392984.6709354,38709,4.0
1654392989.0965424,38907,90.0
1654393000.134513,39402,-14.0
1654393009.4435747,39897,-42.0
1654393013.964004,40095,82.0
1654393038.579882,41184,-74.0
1654393052.0832155,41778,-154.0
1654393054.344778,41877,-84.0
1654393089.1859443,43263,58.0
1654393091.4658337,43362,-46.0
1654393095.879696,43560,24.0
1654393111.4731846,44253,-50.0
1654393126.1194682,44847,-24.0
1654393135.276002,45243,-70.0
1654393146.4763863,45738,-28.0
1654393155.3543978,46134,-82.0
1654393162.009163,46431,36.0
1654393166.473974,46629,74.0
1654393175.443221,47025,36.0
1654393177.670367,47124,24.0
1654393188.8014288,47619,18.0
1654393191.0008352,47718,108.0
1654393204.3742452,48312,-68.0
1654393255.176681,50589,-8.0
1654393259.841072,50787,26.0
1654393262.109126,50886,-10.0
1654393264.3508632,50985,-94.0
1654393271.1813364,51282,-78.0
1654393275.658301,51480,-46.0
1654393308.5229294,52866,-60.0
1654393310.7147207,52965,-58.0
1654393315.1999443,53163,22.0
1654393319.6903155,53361,-68.0
1654393324.1599674,53559,-2.0
1654393333.1036239,53955,-76.0
1654393337.523447,54153,34.0
1654393346.4013202,54549,60.0
1654393350.8517835,54747,46.0
1654393359.8634725,55143,-32.0
1654393373.3198888,55737,42.0
1654393377.767248,55935,-48.0
1654393386.711091,56331,-74.0
1654393423.1128697,57915,-34.0
1654393425.9756432,58014,12.0
1654393432.6653225,58311,70.0
1654393437.3250368,58509,50.0
1654393446.2601445,58905,24.0
1654393450.818627,59103,40.0
1654393488.5542598,60786,48.0
1654393490.8440862,60885,-98.0
1654393508.831783,61677,-22.0
1654393511.0534062,61776,-26.0
1654393522.2710242,62271,-50.0
1654393524.5261345,62370,-22.0
1654393533.4444592,62766,68.0
1654393542.4745286,63162,22.0
1654393555.8922572,63756,-46.0
1654393558.126101,63855,94.0
1654393569.3881762,64350,-56.0
1654393573.8880014,64548,-4.0
1654393589.6954832,65241,-2.0
1654393594.151435,65439,-38.0
1654393610.966719,66132,-10.0
1654393629.2165623,66924,-70.0
1654393631.4379206,67023,-12.0
1654393649.3445816,67815,-68.0
1654393668.6158962,68607,-64.0
1654393673.260283,68805,6.0
1654393708.1177535,70389,-38.0
1654393732.8817418,71478,-12.0
1654393737.3322055,71676,-24.0
1654393741.7844048,71874,-20.0
1654393744.029332,71973,14.0
1654393748.4951272,72171,-66.0
1654393750.722351,72270,86.0
1654393755.2257392,72468,-8.0
1654393757.4469142,72567,-46.0
1654393759.6883304,72666,70.0
1654393770.9288628,73161,112.0
1654393786.8422892,73755,28.0
1654393832.0925415,75735,-4.0
1654393860.620339,76824,-6.0
1654393862.8213642,76923,-18.0
1654393867.5617275,77121,-66.0
1654393872.4564428,77319,18.0
1654393877.0513422,77517,8.0
1654393890.9937298,78111,34.0
1654393928.2780883,79695,34.0
1654393930.4481676,79794,-10.0
1654393934.8979323,79992,-24.0
1654393941.9402714,80289,-84.0
1654393961.91085,81180,46.0
1654393990.708236,82467,-66.0
1654394007.9636178,83259,0.0
1654394014.3175182,83556,54.0
1654394044.2427053,84942,-4.0
1654394054.9102995,85437,84.0
1654394063.4380348,85833,126.0
1654394074.1785874,86328,-2.0
1654394103.3608088,87615,36.0
1654394107.8582907,87813,-38.0
1654394121.2818332,88407,10.0
1654394128.316989,88704,34.0
1654394132.9623775,88902,-10.0
1654394140.0756998,89298,58.0
1654394142.3314393,89397,20.0
1654394156.7268717,89991,-66.0
1654394211.0657878,92169,-12.0
1654394215.4104083,92367,-40.0
1654394237.1985354,93357,158.0
1654394253.1274016,94050,-24.0
1654394285.5601568,95436,-44.0
1654394323.0098975,97020,-54.0
1654394329.7559826,97317,44.0
1654394351.6862903,98307,44.0
1654394356.5309134,98505,-12.0
1654394365.993101,99000,84.0
1654394372.4958262,99297,-6.0
1654394376.8352113,99495,46.0
1654394400.6352692,100584,-62.0
1654394415.7961931,101277,86.0
1654394424.4149928,101673,-60.0
1654394428.7788606,101871,-56.0
1654394446.4760706,102663,-66.0
1654394448.7277918,102762,30.0
1654394493.039888,104643,16.0
1654394502.4142413,105039,-6.0
1654394524.213101,106029,52.0
1654394526.358231,106128,-4.0
1654394530.5809834,106326,16.0
1654394539.1319091,106722,40.0
1654394558.6159756,107613,82.0
1654394584.3405893,108801,122.0
1654394591.1729894,109197,158.0
1654394595.5097413,109395,24.0
1654394602.25058,109692,-6.0
1654394606.5744245,109890,-6.0
1654394610.8566236,110088,46.0
1654394632.310006,111078,64.0
1654394634.467521,111177,34.0
1654394640.871333,111474,70.0
1654394643.0598483,111573,92.0
1654394649.5360546,111870,30.0
1654394655.972267,112167,102.0
1654394660.2754867,112365,104.0
1654394671.0237267,112860,2.0
1654394686.1239376,113553,30.0
1654394696.91179,114048,22.0
1654394699.0932808,114147,64.0
1654394724.8658373,115335,80.0
1654394746.4595735,116325,74.0
1654394750.8023517,116523,82.0
1654394752.9760277,116622,26.0
1654394768.0768294,117315,34.0
1654394778.9146154,117810,34.0
1654394787.618094,118206,62.0
1654394789.7383752,118305,64.0
1654394813.6724668,119493,-4.0
1654394830.8150723,120285,160.0
1654394839.49078,120681,88.0
1654394850.1795588,121176,60.0
1654394854.5659401,121374,112.0
1654394863.166741,121770,-16.0
1654394895.4262345,123255,54.0
1654394899.9890094,123453,54.0
1654394910.783919,123948,40.0
1654394912.9186502,124047,114.0
1654394917.195166,124245,78.0
1654394923.731081,124542,50.0
1654394932.339411,124938,102.0
1654394945.2212555,125532,92.0
1654394953.8182385,125928,38.0
1654394964.5651553,126423,100.0
1654394977.489779,127017,120.0
1654394983.9048188,127314,120.0
1654394994.6567054,127809,40.0
1654395000.9972703,128106,114.0
1654395011.6977654,128601,82.0
1654395018.5659883,128997,64.0
1654395027.1168952,129393,44.0
1654395046.3966825,130284,196.0
1654395061.3910413,130977,100.0
1654395067.8267846,131274,52.0
1654395069.952929,131373,82.0
1654395089.2117054,132264,46.0
1654395112.7536623,133254,4.0
1654395131.9037497,134145,102.0
1654395144.7971864,134739,40.0
1654395153.4241364,135135,104.0
1654395177.039118,136224,90.0
1654395179.1937175,136323,86.0
1654395187.6761227,136719,140.0
1654395200.8502414,137313,78.0
1654395209.5071979,137709,122.0
1654395215.8869162,138006,42.0
1654395265.5865624,140382,64.0
1654395306.2130842,142263,86.0
1654395310.546851,142461,90.0
1654395312.6892831,142560,86.0
1654395314.8360705,142659,56.0
1654395334.2221272,143550,32.0
1654395351.3806183,144342,108.0
1654395353.5340788,144441,104.0
1654395357.7857854,144639,74.0
1654395359.917797,144738,114.0
1654395387.618784,146025,80.0
1654395392.0997183,146223,86.0
1654395415.5351667,147312,158.0
1654395421.9969664,147609,152.0
1654395430.667254,148005,152.0
1654395439.84542,148401,46.0
1654395446.7360592,148797,92.0
1654395461.8364844,149490,80.0
1654395463.9975574,149589,138.0
1654395470.4248207,149886,-6.0
1654395476.9337034,150183,58.0
1654395502.8354564,151371,196.0
1654395515.7922497,151965,64.0
1654395522.6569357,152262,76.0
1654395524.9000547,152361,152.0
1654395546.5299623,153351,106.0
1654395553.0515604,153648,124.0
1654395576.4878447,154737,92.0
1654395582.8992288,155034,144.0
1654395589.2961667,155331,94.0
1654395599.8406813,155826,176.0
1654395606.2201767,156123,56.0
1654395625.3764646,157014,162.0
1654395648.8390043,158103,38.0
1654395657.718871,158598,144.0
1654395661.9291708,158796,44.0
1654395713.0583012,161172,128.0
1654395730.2457106,161964,126.0
1654395734.5270412,162162,194.0
1654395740.9763918,162459,94.0
1654395753.7990708,163053,170.0
1654395755.9282253,163152,218.0
1654395770.9779727,163845,132.0
1654395787.9091766,164637,54.0
1654395796.3745358,165033,118.0
1654395804.8771782,165429,96.0
1654395813.3301568,165825,138.0
1654395819.7501917,166122,90.0
1654395824.1323407,166320,24.0
1654395836.8945663,166914,108.0
1654395856.2222195,167805,142.0
1654395871.5636973,168597,176.0
1654395875.791389,168795,148.0
1654395882.2605283,169092,88.0
1654395886.5311186,169290,152.0
1654395888.621329,169389,124.0
1654395890.7846584,169488,102.0
1654395905.7007945,170181,116.0
1654395914.2164636,170577,156.0
1654395916.3297682,170676,106.0
1654395931.2549646,171369,170.0
1654395950.4863474,172260,106.0
1654395959.2716377,172656,126.0
1654395963.7047715,172854,172.0
1654395983.2866776,173745,132.0
1654396006.9191358,174834,134.0
1654396028.348439,175824,200.0
1654396032.6565876,176022,200.0
1654396047.4596558,176715,138.0
1654396049.5626264,176814,162.0
1654396057.9346323,177210,144.0
1654396064.361518,177507,210.0
1654396079.6587555,178299,124.0
1654396120.4794207,180180,162.0
1654396129.0417364,180576,164.0
1654396144.0988138,181269,184.0
1654396156.9106336,181863,112.0
1654396161.1375656,182061,178.0
1654396180.31934,182952,162.0
1654396188.8633015,183348,202.0
1654396208.1352155,184239,182.0
1654396218.9303167,184734,162.0
1654396221.0654354,184833,178.0
1654396223.2089763,184932,162.0
1654396257.4438078,186516,194.0
1654396268.1567478,187011,138.0
1654396283.1167028,187704,176.0
1654396289.9658897,188100,138.0
1654396296.3939962,188397,182.0
1654396309.246687,188991,134.0
1654396311.4003446,189090,162.0
1654396319.9771893,189486,234.0
1654396330.8217285,189981,190.0
1654396343.7030542,190575,166.0
1654396345.842376,190674,214.0
1654396369.5881252,191763,72.0
1654396378.1357918,192159,174.0
1654396380.2376058,192258,254.0
1654396388.7492146,192654,214.0
1654396393.1378598,192852,214.0
1654396405.9354134,193446,128.0
1654396412.326091,193743,178.0
1654396420.8677282,194139,206.0
1654396423.0109363,194238,206.0
1654396427.2832568,194436,162.0
1654396429.3922257,194535,106.0
1654396433.626688,194733,150.0
1654396457.107522,195822,146.0
1654396461.3812354,196020,162.0
1654396478.4616668,196812,210.0
1654396480.608289,196911,162.0
1654396486.9944615,197208,176.0
1654396560.0553246,200673,162.0
1654396581.5164857,201663,146.0
1654396605.05354,202752,204.0
1654396619.9728234,203445,86.0
1654396622.0938354,203544,162.0
1654396647.7058623,204732,162.0
1654396654.1322258,205029,112.0
1654396673.110139,205920,162.0
1654396694.4785755,206910,162.0
1654396711.4756804,207702,196.0
1654396716.179494,207999,210.0
1654396722.522052,208296,228.0
1654396735.3565037,208890,162.0
1654396746.0615704,209385,236.0
1654396748.198389,209484,196.0
1654396756.866143,209880,206.0
1654396758.9909172,209979,190.0
1654396773.8630683,210672,196.0
1654396793.1466973,211563,204.0
1654396799.5028782,211860,84.0
1654396841.9744554,213840,206.0
1654396863.403521,214830,238.0
1654396901.617252,216612,156.0
1654396916.4604163,217305,156.0
1654396929.67951,217998,200.0
1654396946.8289847,218790,214.0
1654396951.110354,218988,144.0
1654396959.638909,219384,188.0
1654396972.4293709,219978,214.0
1654396980.9769025,220374,198.0
1654397004.488868,221463,214.0
1654397010.9220135,221760,162.0
1654397021.6337156,222255,142.0
1654397049.2804737,223542,256.0
1654397100.7385063,225918,264.0
1654397140.0051043,227799,264.0
1654397150.6402998,228294,264.0
1654397152.7997549,228393,108.0
1654397174.0950987,229383,264.0
1654397180.5086665,229680,264.0
1654397191.1997967,230175,264.0
1654397208.505755,230967,264.0
1654397214.9277518,231264,214.0
1654397229.7972906,231957,214.0
1654397251.1075773,232947,264.0
1654397266.0563972,233640,264.0
1654397296.0974073,235026,264.0
1654397330.2013724,236610,264.0
1654397338.7660797,237006,264.0
1654397340.878272,237105,264.0
1654397347.2988222,237402,264.0
1654397349.4674695,237501,264.0
1654397411.7415962,240471,264.0
1654397418.0711844,240768,264.0
1654397426.574532,241164,208.0
1654397428.7035317,241263,214.0
1654397439.587412,241758,214.0
1654397441.7341962,241857,264.0
1654397467.3127372,243045,264.0
1654397484.4206915,243837,264.0
1654397488.6508062,244035,264.0
1654397490.7679744,244134,264.0
1654397533.7155688,246114,264.0
1654397550.7853258,246906,264.0
1654397561.390452,247401,214.0
1654397563.9352558,247599,264.0
1654397570.3032708,247896,264.0
1654397574.5792344,248094,264.0
1654397576.6833777,248193,264.0
1654397600.205037,249282,264.0
1654397602.33498,249381,264.0
1654397604.4662573,249480,264.0
1654397608.7542331,249678,264.0
1654397613.040223,249876,264.0
1654397623.7848294,250371,100.0
1654397628.0607069,250569,264.0
1654397645.1735651,251361,264.0
1654397706.4255502,254034,100.0
1654397708.614096,254133,264.0
1654397732.9497652,255222,264.0
1654397735.3366785,255321,264.0
1654397752.0003412,256014,264.0
1654397758.8014562,256311,264.0
1654397761.077875,256410,264.0
1654397768.0194688,256707,264.0
1654397782.7867346,257400,264.0
1654397798.73257,258093,264.0
1654397828.4797385,259380,214.0
1654397845.950454,260172,264.0
1654397848.1139047,260271,154.0
1654397864.1683614,260964,264.0
1654397870.7456074,261261,264.0
1654397872.859698,261360,264.0
1654397875.042586,261459,264.0
1654397882.4094343,261756,264.0
1654397930.312724,263637,264.0
1654397949.484205,264429,158.0
1654397951.7443094,264528,264.0
1654397958.667423,264825,264.0
1654397974.636264,265518,264.0
1654397981.4230304,265815,154.0
1654397985.9199843,266013,264.0
1654397992.938379,266310,264.0
1654398002.0193737,266706,264.0
1654398021.3108287,267597,264.0
1654398035.7522552,268191,264.0
1654398045.7010252,268587,158.0
1654398048.060229,268686,264.0
1654398057.2156806,269082,264.0
1654398061.5922673,269280,264.0
1654398083.1023774,270270,264.0
1654398085.2499697,270369,264.0
1654398093.9275346,270765,214.0
1654398105.422608,271260,264.0
1654398107.7339404,271359,264.0
1654398110.0232422,271458,264.0
1654398117.2421083,271755,264.0
1654398137.1532896,272646,264.0
1654398139.3086047,272745,264.0
1654398141.4720826,272844,264.0
1654398152.225358,273339,214.0
1654398162.9938056,273834,264.0
1654398169.4009125,274131,264.0
1654398175.7612467,274428,264.0
1654398180.0616581,274626,264.0
1654398184.3595827,274824,264.0
1654398190.734773,275121,264.0
1654398206.1531236,275814,264.0
1654398232.0800436,277002,264.0
1654398234.7089412,277200,264.0
1654398262.749593,278487,264.0
1654398264.9366598,278586,264.0
1654398288.6673152,279675,264.0
1654398310.348637,280665,264.0
1654398319.03409,281061,264.0
1654398331.9977229,281655,264.0
1654398347.2620392,282348,214.0
1654398349.4027677,282447,214.0
1654398360.2317302,282942,264.0
1654398368.9167564,283338,-6.0
1654398371.0907032,283437,264.0
1654398379.7703178,283833,264.0
1654398412.1439736,285318,264.0
1654398414.3207717,285417,264.0
1654398433.7016842,286308,264.0
1654398438.1523657,286506,264.0
1654398442.4935782,286704,264.0
1654398457.9824927,287496,264.0
1654398475.3243175,288288,264.0
1654398483.984233,288684,264.0
1654398490.466172,288981,264.0
1654398494.8058934,289179,154.0
1654398496.9311578,289278,214.0
1654398503.385988,289575,264.0
1654398516.436754,290169,214.0
1654398525.0917869,290565,214.0
1654398527.2517517,290664,264.0
1654398557.4167335,292050,264.0
1654398563.9785552,292347,264.0
1654398570.3369071,292644,264.0
1654398585.4979353,293337,214.0
1654398592.0082593,293634,264.0
1654398596.3168185,293832,264.0
1654398609.260513,294426,264.0
1654398620.0725813,294921,264.0
1654398633.0974054,295515,264.0
1654398637.4295676,295713,264.0
1654398652.510702,296406,264.0
1654398658.965079,296703,264.0
1654398663.6727545,297000,214.0
1654398670.1668947,297297,264.0
1654398687.4960535,298089,264.0
1654398706.9095738,298980,264.0
1654398728.4509988,299970,214.0
1654398739.2992537,300465,214.0
1654398767.3982794,301752,108.0
1654398771.6887884,301950,264.0
1654398808.363301,303633,214.0
1654398814.7068095,303930,264.0
1654398825.3855598,304425,264.0
1654398844.464549,305316,264.0
1654398846.6068113,305415,264.0
1654398859.3835723,306009,264.0
1654398872.030669,306603,264.0
1654398885.2437544,307296,264.0
1654398887.537653,307395,264.0
1654398889.6650598,307494,264.0
1654398893.9042625,307692,264.0
1654398902.3931494,308088,264.0
1654398910.874449,308484,264.0
1654398919.3580046,308880,264.0
1654398921.4296331,308979,264.0
1654398923.683202,309078,264.0
1654398934.2840772,309573,264.0
1654398938.5581126,309771,264.0
1654398959.8619914,310761,264.0
1654398974.6479685,311454,264.0
1654398995.9213989,312444,264.0
1654399034.1575239,314226,264.0
1654399044.7922218,314721,264.0
1654399064.0413601,315612,264.0
1654399070.470284,315909,264.0
1654399074.7888138,316107,264.0
1654399087.9776554,316800,264.0
1654399096.4941092,317196,264.0
1654399098.6468532,317295,264.0
1654399115.6671236,318087,264.0
1654399124.250502,318483,264.0
1654399126.3574028,318582,264.0
1654399132.7317758,318879,264.0
1654399136.9051468,319077,264.0
1654399151.7902155,319770,264.0
1654399168.7354224,320562,264.0
1654399177.2399392,320958,264.0
1654399181.4691553,321156,210.0
1654399194.2251873,321750,264.0
1654399228.1929028,323334,264.0
1654399234.5383594,323631,264.0
1654399260.126987,324819,264.0
1654399290.162115,326205,264.0
1654399298.6302304,326601,264.0
1654399313.889778,327393,214.0
1654399358.5509307,329472,-66.0
1654399386.100541,330759,98.0
1654399396.765056,331254,264.0
1654399420.0133085,332343,264.0
1654399439.0282497,333234,214.0
1654399449.6674263,333729,264.0
1654399453.863504,333927,214.0
1654399457.9939947,334125,264.0
1654399464.451435,334422,264.0
1654399468.7879384,334620,104.0
1654399479.2909007,335115,264.0
1654399481.436075,335214,264.0
1654399498.4688725,336006,264.0
1654399500.610427,336105,264.0
1654399506.9943838,336402,264.0
1654399520.2247698,337095,264.0
1654399528.730223,337491,264.0
1654399530.869688,337590,264.0
1654399550.0073247,338481,264.0
1654399558.6751332,338877,264.0
1654399567.6514726,339273,264.0
1654399584.5797632,340065,264.0
1654399595.0944161,340560,208.0
1654399626.6965096,342045,264.0
1654399628.810972,342144,264.0
1654399637.3192284,342540,100.0
1654399641.6086707,342738,264.0
1654399656.5997481,343431,264.0
1654399665.2256005,343827,264.0
1654399684.3773737,344718,264.0
1654399686.4918175,344817,264.0
1654399688.6248531,344916,264.0
1654399690.7639334,345015,264.0
1654399692.8884006,345114,264.0
1654399705.5988083,345708,264.0
1654399709.8350232,345906,264.0
1654399716.1770666,346203,264.0
1654399720.85863,346500,264.0
1654399722.9991922,346599,264.0
1654399729.3740838,346896,264.0
1654399752.8531024,347985,264.0
1654399765.663313,348579,264.0
1654399778.4809253,349173,264.0
1654399797.5311134,350064,92.0
1654399799.6526031,350163,92.0
1654399810.252257,350658,264.0
1654399816.7099984,350955,264.0
1654399829.569628,351549,264.0
1654399838.0104737,351945,264.0
1654399846.4629028,352341,264.0
1654399863.5112164,353133,264.0
1654399869.9119108,353430,214.0
1654399882.6561618,354024,264.0
1654399884.78188,354123,264.0
1654399901.7469423,354915,264.0
1654399908.157703,355212,264.0
1654399910.2781973,355311,264.0
1654399934.0377958,356499,264.0
1654399961.6430676,357786,264.0
1654399963.7739613,357885,264.0
1654399965.9125972,357984,214.0
1654399968.023905,358083,264.0
1654399997.5410845,359469,264.0
1654400048.686895,361845,264.0
1654400055.059695,362142,264.0
1654400059.2274065,362340,264.0
1654400063.529808,362538,264.0
1654400069.8642442,362835,264.0
1654400078.3837984,363231,264.0
1654400084.7713752,363528,264.0
1654400086.9244714,363627,264.0
1654400125.174981,365409,264.0
1654400144.858183,366399,264.0
1654400159.7718248,367092,264.0
1654400168.289967,367488,264.0
1654400170.4218495,367587,264.0
1654400181.1458228,368082,264.0
1654400183.262038,368181,264.0
1654400189.6647918,368478,264.0
1654400213.2250812,369567,264.0
1654400215.3559642,369666,264.0
1654400240.8710787,370854,264.0
1654400242.9918723,370953,264.0
1654400247.231165,371151,264.0
1654400249.352916,371250,264.0
1654400255.792434,371547,264.0
1654400257.942803,371646,264.0
1654400260.0416617,371745,264.0
1654400274.9913077,372438,264.0
1654400279.2253907,372636,264.0
1654400283.4691973,372834,264.0
1654400315.393473,374319,264.0
1654400317.5499315,374418,264.0
1654400319.7004514,374517,264.0
1654400321.8206744,374616,264.0
1654400330.2082417,375012,264.0
1654400336.5999322,375309,264.0
1654400366.699907,376794,264.0
1654400371.0150352,376992,264.0
1654400383.8299909,377586,264.0
1654400388.1214051,377784,264.0
1654400396.6345189,378180,264.0
1654400405.1388235,378576,264.0
1654400407.2868192,378675,264.0
1654400439.2034295,380160,264.0
1654400458.3202877,381051,264.0
1654400462.578848,381249,264.0
1654400466.8877788,381447,264.0
1654400473.3304596,381744,264.0
1654400477.6078327,381942,264.0
1654400484.0298562,382239,264.0
1654400503.1197748,383130,264.0
1654400509.45633,383427,264.0
1654400515.829786,383724,264.0
1654400562.8315086,385902,264.0
1654400571.705601,386397,264.0
1654400584.462869,386991,264.0
1654400590.878966,387288,264.0
1654400599.3831415,387684,264.0
1654400612.1592445,388278,214.0
1654400618.5450134,388575,264.0
1654400622.8307056,388773,264.0
1654400633.4761221,389268,264.0
1654400637.7073755,389466,264.0
1654400644.111713,389763,264.0
1654400680.2315905,391446,264.0
1654400688.779655,391842,264.0
1654400705.7805932,392634,154.0
1654400707.9263494,392733,264.0
1654400726.9835086,393624,264.0
1654400739.8771067,394218,264.0
1654400741.9627743,394317,264.0
1654400744.1092584,394416,264.0
1654400750.42363,394713,264.0
1654400763.21782,395307,264.0
1654400773.76889,395802,264.0
1654400778.5192063,396099,264.0
1654400795.5316823,396891,264.0
1654400804.0317929,397287,264.0
1654400808.2328396,397485,264.0
1654400827.284977,398376,264.0
1654400837.8758128,398871,264.0
1654400850.6178844,399465,264.0
1654400852.732719,399564,264.0
1654400863.3578734,400059,264.0
1654400878.177875,400752,264.0
1654400916.5307028,402534,264.0
1654400918.6423974,402633,264.0
1654400933.5140352,403326,264.0
1654400950.5023477,404118,264.0
1654400952.6000586,404217,264.0
1654400956.8558881,404415,264.0
1654400965.272883,404811,264.0
1654400973.7377436,405207,264.0
1654400984.4223964,405702,264.0
1654401008.2783685,406890,264.0
1654401021.0962293,407484,264.0
1654401033.8937683,408078,264.0
1654401040.2610533,408375,264.0
1654401053.0202339,408969,264.0
1654401078.5031583,410157,264.0
1654401087.0716093,410553,264.0
1654401102.0061562,411246,264.0
1654401108.4120715,411543,264.0
1654401131.934958,412632,264.0
1654401153.1456149,413622,264.0
1654401155.2486475,413721,264.0
1654401161.5782473,414018,264.0
1654401185.0529895,415107,264.0
1654401215.202751,416592,264.0
1654401217.3272755,416691,264.0
1654401234.3538654,417483,264.0
1654401244.9835362,417978,264.0
1654401257.6249695,418572,264.0
1654401261.9052918,418770,264.0
1654401263.995799,418869,264.0
1654401276.873085,419463,264.0
1654401298.113176,420453,264.0
1654401304.477896,420750,264.0
1654401308.6995087,420948,264.0
1654401310.8602862,421047,264.0
1654401313.017459,421146,264.0
1654401321.5131164,421542,264.0
1654401342.6087356,422532,264.0
1654401344.7487628,422631,264.0
1654401349.020886,422829,264.0
1654401370.282794,423819,264.0
1654401372.4356844,423918,264.0
1654401408.6039634,425601,264.0
1654401421.7962055,426294,264.0
1654401430.3138227,426690,264.0
1654401449.5291078,427581,264.0
1654401460.3075008,428076,264.0
1654401470.9413242,428571,214.0
1654401483.7390306,429165,264.0
1654401502.9845083,430056,264.0
1654401511.4833875,430452,264.0
1654401520.0460532,430848,264.0
1654401539.1290445,431739,264.0
1654401549.7477057,432234,264.0
1654401562.5225103,432828,264.0
1654401573.0896454,433323,264.0
1654401579.5008764,433620,264.0
1654401581.5949934,433719,264.0
1654401596.524324,434412,264.0
1654401613.4577494,435204,264.0
1654401628.6691742,435996,264.0
1654401637.2425086,436392,264.0
1654401643.7208068,436689,264.0
1654401650.072316,436986,264.0
1654401652.1729567,437085,264.0
1654401669.1971934,437877,264.0
1654401673.5126226,438075,264.0
1654401696.917812,439164,264.0
1654401713.8378637,439956,264.0
1654401726.6361327,440550,264.0
1654401737.2869084,441045,264.0
1654401745.7947135,441441,264.0
1654401762.8305836,442233,264.0
1654401811.5635405,444510,264.0
1654401824.4517817,445104,264.0
1654401831.1373107,445500,264.0
1654401862.9774423,446985,264.0
1654401875.760061,447579,264.0
1654401882.1629705,447876,264.0
1654401886.4681923,448074,264.0
1654401901.298063,448767,264.0
1654401907.6663716,449064,264.0
1654401916.1998353,449460,264.0
1654401924.760658,449856,264.0
1654401926.9243617,449955,264.0
1654401929.0317612,450054,264.0
1654401933.3367474,450252,264.0
1654401946.114719,450846,264.0
1654401961.045006,451539,264.0
1654401965.2749412,451737,264.0
1654401969.5450292,451935,264.0
1654401978.1278293,452331,264.0
1654401984.482127,452628,264.0
1654401986.6108685,452727,264.0
1654401990.9134102,452925,264.0
1654402008.0040956,453717,264.0
1654402025.093715,454509,264.0
1654402029.3627725,454707,264.0
1654402057.5965383,456093,264.0
1654402063.9574058,456390,264.0
1654402070.339417,456687,264.0
1654402091.5217588,457677,264.0
1654402100.058042,458073,264.0
1654402106.5118527,458370,264.0
1654402138.5691636,459855,264.0
1654402149.0428064,460350,264.0
1654402151.2102168,460449,264.0
1654402159.7060242,460845,264.0
1654402168.133718,461241,264.0
1654402170.2832165,461340,264.0
1654402172.4220555,461439,264.0
1654402176.6995604,461637,264.0
1654402187.4808557,462132,264.0
1654402189.6126893,462231,264.0
1654402191.7395942,462330,264.0
1654402211.0015924,463221,264.0
1654402227.940139,464013,264.0
1654402236.3645494,464409,264.0
1654402240.6281614,464607,264.0
1654402253.5131466,465201,264.0
1654402268.8156743,465993,264.0
1654402270.8996925,466092,264.0
1654402283.6663575,466686,264.0
1654402290.0919857,466983,264.0
1654402307.2560005,467775,264.0
1654402320.0113552,468369,264.0
1654402326.4175909,468666,264.0
1654402328.5384064,468765,264.0
1654402334.872875,469062,264.0
1654402341.1876392,469359,264.0
1654402347.5920174,469656,264.0
1654402373.331046,470844,210.0
1654402381.867696,471240,264.0
1654402396.7493896,471933,264.0
1654402409.4022222,472527,264.0
1654402415.8218584,472824,264.0
1654402417.9334784,472923,264.0
1654402420.061242,473022,264.0
1654402426.4734988,473319,264.0
1654402428.5794246,473418,264.0
1654402443.4299664,474111,264.0
1654402447.6726801,474309,264.0
1654402451.939637,474507,264.0
1654402464.772665,475101,264.0
1654402475.7443895,475695,264.0
1654402482.1099887,475992,264.0
1654402488.4294338,476289,264.0
1654402492.6926239,476487,264.0
1654402496.9714518,476685,264.0
1654402530.8526993,478269,264.0
1654402535.094695,478467,264.0
1654402539.38385,478665,264.0
1654402541.4935327,478764,264.0
1654402543.7309988,478863,264.0
1654402558.5859034,479556,264.0
1654402560.7110255,479655,264.0
1654402598.9592645,481437,264.0
1654402605.327599,481734,264.0
1654402641.400935,483417,264.0
1654402669.2349389,484704,264.0
1654402695.1276298,485991,264.0
1654402699.3537915,486189,264.0
1654402707.8614357,486585,264.0
1654402731.2491853,487674,264.0
1654402735.4966416,487872,264.0
1654402739.8059843,488070,264.0
1654402748.313419,488466,264.0
1654402763.24459,489159,264.0
1654402771.8007565,489555,264.0
1654402782.3266046,490050,264.0
1654402843.9872696,492921,264.0
1654402848.1582115,493119,264.0
1654402869.3455026,494109,264.0
1654402871.475498,494208,264.0
1654402918.7609084,496485,264.0
1654402933.7464201,497178,264.0
1654402937.9525704,497376,264.0
1654402942.2167397,497574,264.0
1654402989.6486263,499752,264.0
1654403015.2874153,500940,264.0
1654403019.5174718,501138,264.0
1654403023.7673628,501336,264.0
1654403030.2128823,501633,264.0
1654403051.4859345,502623,264.0
1654403057.7846851,502920,264.0
1654403059.9130788,503019,264.0
1654403072.7044365,503613,264.0
1654403076.9099605,503811,264.0
1654403081.160775,504009,264.0
1654403091.8937519,504504,264.0
1654403096.1600094,504702,264.0
1654403102.9342997,505098,264.0
1654403107.1840544,505296,264.0
1654403147.4736893,507177,264.0
1654403156.0206385,507573,264.0
1654403168.773888,508167,264.0
1654403177.2548232,508563,264.0
1654403185.713849,508959,264.0
1654403200.56348,509652,264.0
1654403209.0271916,510048,264.0
1654403211.135563,510147,264.0
1654403215.3986166,510345,264.0
1654403217.5335133,510444,264.0
1654403243.0737283,511632,264.0
1654403262.1078787,512523,264.0
1654403285.6457374,513612,264.0
1654403307.0341234,514602,264.0
1654403309.1536603,514701,264.0
1654403311.7011876,514899,264.0
1654403322.6253638,515394,264.0
1654403326.860139,515592,264.0
1654403337.6343644,516087,264.0
1654403350.5140939,516681,264.0
1654403365.4793427,517374,264.0
1654403373.945754,517770,264.0
1654403393.2072105,518661,264.0
1654403425.0427766,520146,264.0
1654403427.18148,520245,264.0
1654403435.6758387,520641,264.0
1654403444.1774049,521037,264.0
1654403450.7024167,521334,264.0
1654403475.98564,522522,264.0
1654403495.0548923,523413,264.0
1654403505.6748118,523908,264.0
1654403509.883576,524106,264.0
1654403514.0777624,524304,264.0
1654403518.3185859,524502,264.0
1654403531.519459,525195,264.0
1654403561.302814,526581,264.0
1654403563.4068973,526680,264.0
1654403569.7727242,526977,264.0
1654403574.020218,527175,264.0
1654403582.5059297,527571,264.0
1654403584.6446917,527670,264.0
1654403595.3030748,528165,264.0
1654403599.574672,528363,264.0
1654403603.8713562,528561,264.0
1654403614.6525345,529056,264.0
1654403655.0763352,530937,264.0
1654403667.8552513,531531,264.0
1654403672.082518,531729,264.0
1654403678.4601102,532026,264.0
1654403697.5549467,532917,264.0
1654403720.8675792,534006,264.0
1654403725.127161,534204,264.0
1654403738.4513927,534897,264.0
1654403740.572352,534996,264.0
1654403749.0470474,535392,264.0
1654403751.1902032,535491,264.0
