time,Step,Reward
1653313599.4570327,397,3.9656598567962646
1653313599.7827804,496,3.237999439239502
1653313602.059516,1090,2.921605110168457
1653313603.7687201,1486,3.7199480533599854
1653313604.1611488,1585,3.6125941276550293
1653313605.463713,1882,4.215049743652344
1653313605.8668501,1981,4.39467191696167
1653313606.2819092,2080,4.373531818389893
1653313607.1325512,2278,4.202813625335693
1653313607.4872718,2377,4.1978983879089355
1653313608.5357666,2674,4.623463153839111
1653313608.9352412,2773,4.837574005126953
1653313613.5622246,3862,4.8094892501831055
1653313614.3902884,4060,4.77749490737915
1653313617.06826,4753,4.756360054016113
1653313617.4717026,4852,4.8149871826171875
1653313617.8401482,4951,4.945633411407471
1653313618.5412319,5149,5.078103542327881
1653313619.552991,5446,4.935197830200195
1653313620.7698996,5743,5.050864219665527
1653313622.0247283,6040,4.910478115081787
1653313622.4297748,6139,4.911103248596191
1653313622.8604555,6238,4.833171844482422
1653313623.2984118,6337,4.793973922729492
1653313624.1263003,6535,4.8285651206970215
1653313624.5309384,6634,4.837873458862305
1653313624.9354286,6733,4.877908706665039
1653313625.3412285,6832,4.852750301361084
1653313626.145541,7030,4.926394939422607
1653313626.5356045,7129,4.925178050994873
1653313628.7442203,7723,4.965439796447754
1653313629.5677545,7921,4.913508892059326
1653313630.6905034,8218,4.900420188903809
1653313631.802573,8515,4.95260763168335
1653313633.2722704,8911,5.045858860015869
1653313636.6185791,9901,5.242528438568115
1653313640.7247064,10297,5.226853847503662
1653313644.4967878,10594,5.524284839630127
1653313645.7371683,10693,5.595098495483398
1653313648.3021429,10891,5.612374782562256
1653313657.3889198,11584,5.774473190307617
1653313663.8613486,12079,5.834973335266113
1653313669.0142329,12475,5.895789623260498
1653313670.276367,12574,5.909300327301025
1653313672.7497857,12772,5.9647369384765625
1653313675.250638,12970,5.856046199798584
1653313682.8510196,13564,6.15786600112915
1653313684.0928435,13663,6.241231441497803
1653313692.843529,14356,6.506444454193115
1653313695.3694854,14554,6.602711200714111
1653313696.6371071,14653,6.611062526702881
1653313700.492434,14950,6.552097797393799
1653313709.3334112,15643,6.767490386962891
1653313713.1191318,15940,6.986654758453369
1653313715.5764759,16138,7.122015953063965
1653313718.0848823,16336,7.229686737060547
1653313725.6069639,16930,7.419880390167236
1653313726.8445158,17029,7.513474464416504
1653313728.107337,17128,7.59190034866333
1653313734.503611,17623,8.07109260559082
1653313739.5903149,18019,8.23032283782959
1653313743.4143224,18316,8.340209007263184
1653313744.6717708,18415,8.359138488769531
1653313745.9556088,18514,8.385087966918945
1653313751.102077,18910,8.582693099975586
1653313752.3919325,19009,8.660300254821777
1653313753.6520283,19108,8.736336708068848
1653313762.6002984,19801,9.071208000183105
1653313766.2510538,20098,9.32392692565918
1653313767.52093,20197,9.474200248718262
1653313768.8398983,20296,9.482409477233887
1653313770.110595,20395,9.50546646118164
1653313772.7366586,20593,9.405367851257324
1653313777.8162885,20989,9.531953811645508
1653313780.3581827,21187,9.59681510925293
1653313782.9038076,21385,9.681550025939941
1653313788.003712,21781,9.848128318786621
1653313789.274923,21880,9.812990188598633
1653313790.5310636,21979,9.832803726196289
1653313794.386321,22276,9.991825103759766
1653313800.7182333,22771,10.167790412902832
1653313813.477777,23761,10.520297050476074
1653313819.8618484,24256,10.925174713134766
1653313821.1205118,24355,11.067533493041992
1653313822.4000907,24454,11.104228973388672
1653313832.4577332,25246,11.61882209777832
1653313837.6173334,25642,11.904044151306152
1653313838.896097,25741,11.940320014953613
1653313840.1629808,25840,12.06839656829834
1653313854.1088593,26929,12.50061321258545
1653313857.900324,27226,12.355485916137695
1653313860.3957355,27424,12.33366584777832
1653313862.914896,27622,12.496530532836914
1653313865.418599,27820,12.632834434509277
1653313867.946551,28018,12.800414085388184
1653313871.7733436,28315,13.004022598266602
1653313875.6067774,28612,13.145679473876953
1653313878.1238494,28810,13.21226978302002
1653313884.513186,29305,13.182735443115234
1653313887.1012268,29503,13.208662986755371
1653313888.3541536,29602,13.222014427185059
1653313898.4431362,30394,13.508951187133789
1653313900.9559052,30592,13.712401390075684
1653313906.038441,30988,13.925636291503906
1653313911.0750034,31384,14.091150283813477
1653313913.6549418,31582,14.206489562988281
1653313914.9314363,31681,14.153820037841797
1653313918.7395062,31978,14.30366039276123
1653313937.8997753,33463,15.080355644226074
1653313939.1671658,33562,15.175745010375977
1653313945.5491168,34057,15.416215896606445
1653313948.1028004,34255,15.446925163269043
1653313949.3711624,34354,15.481487274169922
1653313957.0443132,34948,15.598793029785156
1653313959.5950897,35146,15.591509819030762
1653313964.6990204,35542,15.620433807373047
1653313969.747163,35938,15.749074935913086
1653313971.0007942,36037,15.847329139709473
1653313972.2970378,36136,15.868324279785156
1653313973.597278,36235,15.943458557128906
1653313974.8864727,36334,15.975517272949219
1653313976.1926248,36433,16.036205291748047
1653313990.237658,37522,16.503986358642578
1653314000.455611,38314,16.556133270263672
1653314005.5578365,38710,16.688579559326172
1653314008.1479049,38908,16.763835906982422
1653314010.6787524,39106,16.84849739074707
1653314014.5165203,39403,17.028018951416016
1653314020.7301285,39898,17.18714141845703
1653314023.2974732,40096,17.212562561035156
1653314029.7046795,40591,17.341951370239258
1653314036.12612,41086,17.715288162231445
1653314037.4007576,41185,17.812503814697266
1653314045.1220024,41779,18.043989181518555
1653314046.4229898,41878,18.099773406982422
1653314050.299291,42175,18.221513748168945
1653314051.5956342,42274,18.260038375854492
1653314056.6996229,42670,18.31052589416504
1653314063.1134899,43165,18.434228897094727
1653314064.3949142,43264,18.34760093688965
1653314065.6366193,43363,18.380359649658203
1653314068.2213998,43561,18.361265182495117
1653314073.4581442,43957,18.27117919921875
1653314074.7366798,44056,18.305490493774414
1653314077.3077328,44254,18.21585464477539
1653314082.4594648,44650,18.416046142578125
1653314085.105374,44848,18.44327735900879
1653314090.222838,45244,18.405149459838867
1653314095.461267,45640,18.495643615722656
1653314096.7629616,45739,18.43195152282715
1653314101.8727925,46135,18.364770889282227
1653314103.1424763,46234,18.43940544128418
1653314105.6768184,46432,18.432615280151367
1653314108.2234974,46630,18.479713439941406
1653314113.3458774,47026,18.597885131835938
1653314114.6032739,47125,18.59086036682129
1653314121.1107805,47620,18.74958610534668
1653314122.4137595,47719,18.853055953979492
1653314126.3104103,48016,18.921693801879883
1653314130.189316,48313,18.890064239501953
1653314131.4915948,48412,18.916954040527344
1653314132.810264,48511,18.882524490356445
1653314135.3845203,48709,18.98702621459961
1653314139.2484407,49006,19.077220916748047
1653314144.4927099,49402,19.205928802490234
1653314149.6405084,49798,19.26483726501465
1653314150.9104257,49897,19.30131721496582
1653314158.7676136,50491,19.488834381103516
1653314160.0451596,50590,19.456640243530273
1653314161.3179114,50689,19.377538681030273
1653314162.6012492,50788,19.376739501953125
1653314163.88776,50887,19.417591094970703
1653314165.1605673,50986,19.40704917907715
1653314169.0158982,51283,19.297039031982422
1653314170.327568,51382,19.355514526367188
1653314171.6413276,51481,19.382617950439453
1653314190.1620607,52867,19.369489669799805
1653314191.4888217,52966,19.452573776245117
1653314194.3346493,53164,19.55946922302246
1653314195.6685874,53263,19.610445022583008
1653314197.013647,53362,19.605283737182617
1653314199.7809641,53560,19.60982322692871
1653314202.6479075,53758,19.625633239746094
1653314205.5549269,53956,19.57013511657715
1653314208.6027813,54154,19.651113510131836
1653314210.1569328,54253,19.653366088867188
1653314214.6299965,54550,19.660409927368164
1653314217.245319,54748,19.75055694580078
1653314221.1605318,55045,19.79082679748535
1653314222.4645898,55144,19.796030044555664
1653314230.409145,55738,19.982276916503906
1653314231.7469678,55837,20.013465881347656
1653314233.0513113,55936,20.09520149230957
1653314238.2833724,56332,20.102556228637695
1653314242.2463534,56629,20.220674514770508
1653314244.896378,56827,20.158910751342773
1653314248.809792,57124,20.22135353088379
1653314254.099191,57520,20.334508895874023
1653314259.5183606,57916,20.454179763793945
1653314260.8236659,58015,20.508525848388672
1653314264.8270679,58312,20.608665466308594
1653314267.457153,58510,20.551786422729492
1653314268.7895453,58609,20.6038818359375
1653314272.7323308,58906,20.62082862854004
1653314275.3980262,59104,20.593822479248047
1653314278.0176296,59302,20.58251953125
1653314279.3332567,59401,20.63828468322754
1653314283.2522783,59698,20.71466064453125
1653314284.5907474,59797,20.720905303955078
1653314291.0615587,60292,20.755582809448242
1653314297.5751066,60787,20.823734283447266
1653314298.9663227,60886,20.85424041748047
1653314301.5836496,61084,20.91429901123047
1653314306.8799257,61480,20.942251205444336
1653314309.5918708,61678,21.003923416137695
1653314310.9123025,61777,21.074995040893555
1653314314.9337616,62074,20.979740142822266
1653314317.5275822,62272,20.933996200561523
1653314318.8426414,62371,20.971923828125
1653314324.1088846,62767,21.05805015563965
1653314329.3379521,63163,21.073585510253906
1653314333.3133826,63460,21.281824111938477
1653314334.641222,63559,21.357398986816406
1653314335.962749,63658,21.36113739013672
1653314337.2680216,63757,21.36224937438965
1653314338.5733685,63856,21.378198623657227
1653314345.210841,64351,21.5657958984375
1653314347.8676617,64549,21.62814712524414
1653314349.2110875,64648,21.621719360351562
1653314351.848062,64846,21.63972282409668
1653314353.165373,64945,21.650901794433594
1653314357.1667044,65242,21.671875
1653314359.8235505,65440,21.751148223876953
1653314369.0842366,66133,22.12462043762207
1653314373.089091,66430,22.22580337524414
1653314379.8391614,66925,22.27745819091797
1653314381.2335076,67024,22.266843795776367
1653314386.5204968,67420,22.270679473876953
1653314391.824532,67816,22.203893661499023
1653314395.857813,68113,22.202463150024414
1653314402.5693839,68608,22.321924209594727
1653314405.1791215,68806,22.341930389404297
1653314407.803449,69004,22.450578689575195
1653314409.1030948,69103,22.45415687561035
1653314411.6789293,69301,22.520299911499023
1653314415.5523453,69598,22.457406997680664
1653314419.5738077,69895,22.56127166748047
1653314426.128904,70390,22.5605525970459
1653314432.8126018,70885,22.62745475769043
1653314435.432485,71083,22.73169708251953
1653314439.4003549,71380,22.763708114624023
1653314440.7257152,71479,22.77733612060547
1653314443.318569,71677,22.79259490966797
1653314446.0252988,71875,22.985021591186523
1653314447.3758857,71974,23.050443649291992
1653314449.9778886,72172,23.146577835083008
1653314451.319833,72271,23.152978897094727
1653314453.936096,72469,23.177993774414062
1653314455.2622578,72568,23.25353240966797
1653314456.577834,72667,23.205406188964844
1653314463.1725,73162,23.18654441833496
1653314468.4580626,73558,23.20846176147461
1653314471.1235094,73756,23.314401626586914
1653314487.1861377,74944,23.420339584350586
1653314489.9061584,75142,23.442333221435547
1653314497.9617891,75736,23.276874542236328
1653314499.2996647,75835,23.286550521850586
1653314503.2742314,76132,23.305374145507812
1653314504.5804017,76231,23.38053321838379
1653314508.5860844,76528,23.352933883666992
1653314512.5364525,76825,23.35171127319336
1653314513.8564496,76924,23.404375076293945
1653314516.5095606,77122,23.414548873901367
1653314517.854175,77221,23.40912628173828
1653314519.2183924,77320,23.430564880371094
1653314520.568641,77419,23.546499252319336
1653314521.9051507,77518,23.645708084106445
1653314529.9247136,78112,23.64399528503418
1653314533.8907523,78409,23.675579071044922
1653314551.050459,79696,23.72697639465332
1653314552.3735347,79795,23.697059631347656
1653314553.670221,79894,23.752952575683594
1653314554.9904552,79993,23.759326934814453
1653314559.0270784,80290,23.801101684570312
1653314569.610643,81082,23.73444938659668
1653314570.9779005,81181,23.73546028137207
1653314581.7216456,81973,23.801258087158203
1653314583.0690405,82072,23.805553436279297
1653314588.4197314,82468,23.726041793823242
1653314589.7308257,82567,23.80442237854004
1653314592.4120355,82765,23.933609008789062
1653314593.7719078,82864,23.90724754333496
1653314597.7368622,83161,23.962127685546875
1653314599.0654335,83260,23.985836029052734
1653314603.1255853,83557,23.954118728637695
1653314605.7785738,83755,23.940048217773438
1653314612.4962926,84250,23.978063583374023
1653314613.871716,84349,23.977075576782227
1653314621.8259923,84943,24.0137996673584
1653314625.8530817,85240,24.08478355407715
1653314628.527314,85438,24.136877059936523
1653314632.6028304,85735,24.095190048217773
1653314633.9274523,85834,24.088321685791016
1653314639.2378485,86230,23.942777633666992
1653314640.592888,86329,24.027973175048828
1653314658.0952952,87616,24.26054573059082
1653314660.7802904,87814,24.267414093017578
1653314666.0758188,88210,24.29520606994629
1653314668.6993284,88408,24.34556770324707
1653314672.653985,88705,24.41164207458496
1653314675.322864,88903,24.470325469970703
1653314676.651787,89002,24.453678131103516
1653314680.5382962,89299,24.630165100097656
1653314681.8855715,89398,24.59333610534668
1653314688.4943254,89893,24.6328125
1653314689.8235593,89992,24.62990951538086
1653314692.4792826,90190,24.682279586791992
1653314693.8109717,90289,24.66577911376953
1653314697.7706919,90586,24.71305274963379
1653314703.161707,90982,24.772783279418945
1653314704.5006502,91081,24.789087295532227
1653314707.1446445,91279,24.868980407714844
1653314716.4601588,91972,24.769886016845703
1653314719.0738053,92170,24.819957733154297
1653314720.3954597,92269,24.905807495117188
1653314721.7442777,92368,24.879236221313477
1653314731.0527031,93061,24.807567596435547
1653314735.0346198,93358,24.84078598022461
1653314739.0820253,93655,24.899608612060547
1653314744.443228,94051,24.94042205810547
1653314748.4248202,94348,24.962594985961914
1653314752.4431088,94645,25.049680709838867
1653314759.1067278,95140,25.141141891479492
1653314763.072083,95437,25.277250289916992
1653314765.7317939,95635,25.32784080505371
1653314768.411201,95833,25.376113891601562
1653314769.7537682,95932,25.414228439331055
1653314783.1205704,96922,25.353464126586914
1653314784.4435906,97021,25.390092849731445
1653314788.521739,97318,25.367048263549805
1653314793.962144,97714,25.436742782592773
1653314799.4453068,98110,25.48345184326172
1653314802.1263256,98308,25.463350296020508
1653314804.7828403,98506,25.46139907836914
1653314807.4575882,98704,25.466442108154297
1653314810.0588307,98902,25.495521545410156
1653314811.3403647,99001,25.488847732543945
1653314815.1970255,99298,25.49856185913086
1653314816.5345414,99397,25.508922576904297
1653314817.8928432,99496,25.535812377929688
1653314820.5924141,99694,25.5507755279541
1653314827.1899023,100189,25.580808639526367
1653314829.842009,100387,25.572208404541016
1653314832.491724,100585,25.527490615844727
1653314841.8755212,101278,25.66977310180664
1653314847.2640996,101674,25.827774047851562
1653314849.9907832,101872,25.824665069580078
1653314859.4130769,102565,25.917518615722656
1653314860.781102,102664,25.875314712524414
1653314862.1331804,102763,25.90737533569336
1653314863.4653327,102862,25.904211044311523
1653314864.8612168,102961,25.933053970336914
1653314870.1688666,103357,25.984390258789062
1653314874.1302216,103654,25.913888931274414
1653314887.3521998,104644,25.9953670501709
1653314889.9783812,104842,26.0395450592041
1653314892.6691182,105040,26.0318603515625
1653314895.2741592,105238,25.95738983154297
1653314899.2021525,105535,25.890390396118164
1653314901.8421133,105733,25.890605926513672
1653314904.5210543,105931,25.904117584228516
1653314905.8445983,106030,25.91292381286621
1653314907.1968222,106129,25.952058792114258
1653314908.516597,106228,25.953922271728516
1653314909.8129184,106327,25.94048500061035
1653314911.1001678,106426,25.94001579284668
1653314915.0056875,106723,25.97683334350586
1653314918.9558427,107020,25.975975036621094
1653314925.4718041,107515,25.93403434753418
1653314926.8130457,107614,25.95587730407715
1653314928.1744652,107713,25.935033798217773
1653314933.5029447,108109,25.784934997558594
1653314942.6470857,108802,25.72924041748047
1653314945.220058,109000,25.62864875793457
1653314947.853073,109198,25.605022430419922
1653314949.1415298,109297,25.59408950805664
1653314950.450988,109396,25.599241256713867
1653314954.406386,109693,25.56991195678711
1653314957.0068066,109891,25.536914825439453
1653314959.6780639,110089,25.57810401916504
1653314961.0100372,110188,25.598237991333008
1653314963.6419816,110386,25.608007431030273
1653314970.2699492,110881,25.596899032592773
1653314972.9020128,111079,25.561086654663086
1653314974.2313058,111178,25.52300453186035
1653314978.2383971,111475,25.4293212890625
1653314979.5511413,111574,25.40167236328125
1653314982.230005,111772,25.41018295288086
1653314983.5585213,111871,25.426433563232422
1653314987.571724,112168,25.35519790649414
1653314990.2159493,112366,25.319820404052734
1653314992.9365478,112564,25.324199676513672
1653314996.9157858,112861,25.261985778808594
1653315006.1221452,113554,25.199722290039062
1653315011.3880146,113950,25.05899429321289
1653315012.7127936,114049,25.054208755493164
1653315014.011175,114148,25.032506942749023
1653315024.568287,114940,24.941612243652344
1653315027.2015178,115138,24.95279312133789
1653315029.8305075,115336,24.91414451599121
1653315033.7958262,115633,24.843053817749023
1653315041.7265098,116227,24.672691345214844
1653315043.0645366,116326,24.666534423828125
1653315045.70535,116524,24.647504806518555
1653315047.0230126,116623,24.621965408325195
1653315048.371183,116722,24.606098175048828
1653315053.6939747,117118,24.515161514282227
1653315056.4069088,117316,24.606822967529297
1653315059.1162555,117514,24.49814224243164
1653315063.1267102,117811,24.574623107910156
1653315064.5085902,117910,24.533058166503906
1653315068.517776,118207,24.4939022064209
1653315069.857525,118306,24.5290470123291
1653315073.7884438,118603,24.501773834228516
1653315084.2308052,119395,24.447757720947266
1653315085.5458624,119494,24.492216110229492
1653315086.8615046,119593,24.52149200439453
1653315096.2149606,120286,24.401620864868164
1653315101.6427236,120682,24.394145965576172
1653315108.352875,121177,24.39902114868164
1653315110.9965987,121375,24.444168090820312
1653315116.307437,121771,24.304540634155273
1653315120.260561,122068,24.198209762573242
1653315128.2487352,122662,24.15183448791504
1653315136.1496525,123256,24.233123779296875
1653315138.8405807,123454,24.283660888671875
1653315142.8624651,123751,24.31521987915039
1653315144.1604185,123850,24.336862564086914
1653315145.494558,123949,24.359651565551758
1653315146.8146067,124048,24.399063110351562
1653315149.4259336,124246,24.3002872467041
1653315152.0543945,124444,24.29947853088379
1653315153.4567406,124543,24.174312591552734
1653315157.431276,124840,24.021099090576172
1653315158.8091507,124939,24.00761604309082
1653315166.7215557,125533,23.887451171875
1653315172.0698025,125929,24.105409622192383
1653315178.7665858,126424,23.973466873168945
1653315180.1067114,126523,23.979808807373047
1653315181.4350855,126622,24.012493133544922
1653315186.8995776,127018,23.845182418823242
1653315190.819505,127315,23.83502197265625
1653315197.4602344,127810,23.835115432739258
1653315201.480327,128107,23.901796340942383
1653315208.036101,128602,23.695478439331055
1653315209.3576527,128701,23.699052810668945
1653315213.2551973,128998,23.654264450073242
1653315218.5567343,129394,23.61031723022461
1653315223.8625839,129790,23.61488914489746
1653315230.5216594,130285,23.48419761657715
1653315237.1635091,130780,23.375221252441406
1653315239.7784846,130978,23.256290435791016
1653315243.7278728,131275,23.19491195678711
1653315245.0348403,131374,23.1943302154541
1653315247.6679134,131572,23.217863082885742
1653315256.9617498,132265,23.160961151123047
1653315270.3037457,133255,22.961551666259766
1653315274.298374,133552,22.899465560913086
1653315282.3792222,134146,22.850709915161133
1653315290.395672,134740,23.13166618347168
1653315295.76751,135136,23.159433364868164
1653315297.0842357,135235,23.113691329956055
1653315298.44933,135334,23.203784942626953
1653315299.7670555,135433,23.189741134643555
1653315301.0748537,135532,23.136232376098633
1653315310.4322288,136225,22.854408264160156
1653315311.747285,136324,22.84969139099121
1653315317.0759952,136720,22.84957504272461
1653315323.8253455,137215,22.815813064575195
1653315325.177551,137314,22.82535743713379
1653315330.4375386,137710,22.815950393676758
1653315334.4760387,138007,22.722455978393555
1653315339.8176517,138403,22.738975524902344
1653315366.4360049,140383,22.57291030883789
1653315371.8505926,140779,22.589134216308594
1653315385.2054543,141769,22.568653106689453
1653315386.5660956,141868,22.565587997436523
1653315392.0826778,142264,22.802148818969727
1653315394.7478979,142462,22.811574935913086
1653315396.047046,142561,22.790184020996094
1653315397.3916636,142660,22.78670310974121
1653315398.7375298,142759,22.77759552001953
1653315402.7610826,143056,22.693212509155273
1653315409.4891546,143551,22.65013313293457
1653315412.1783438,143749,22.650163650512695
1653315413.5497823,143848,22.593637466430664
1653315417.5077407,144145,22.540895462036133
1653315420.217583,144343,22.496891021728516
1653315421.5287642,144442,22.489757537841797
1653315424.2309475,144640,22.39650535583496
1653315425.6248922,144739,22.36433219909668
1653315437.841762,145630,22.368696212768555
1653315441.8885877,145927,22.25273323059082
1653315443.2221544,146026,22.27107048034668
1653315445.888035,146224,22.161230087280273
1653315455.3422508,146917,22.166566848754883
1653315460.6941626,147313,22.12519645690918
1653315464.6691618,147610,22.142345428466797
1653315468.732102,147907,22.110963821411133
1653315470.0940037,148006,22.086265563964844
1653315475.3537507,148402,21.987361907958984
1653315476.6566255,148501,21.97921371459961
1653315480.6416514,148798,21.899063110351562
1653315489.9509327,149491,21.985065460205078
1653315491.3112047,149590,21.95688247680664
1653315492.6762965,149689,21.96441078186035
1653315495.3480935,149887,21.92988395690918
1653315498.0042229,150085,21.9569149017334
1653315499.3023221,150184,21.99325180053711
1653315508.8999622,150877,21.966693878173828
1653315515.7468011,151372,22.08409881591797
1653315523.785771,151966,22.002172470092773
1653315527.8135636,152263,22.021865844726562
1653315529.1560977,152362,21.955453872680664
1653315533.2310147,152659,21.901611328125
1653315542.755151,153352,21.931493759155273
1653315546.8329468,153649,21.715078353881836
1653315548.1938903,153748,21.76797866821289
1653315549.5334842,153847,21.694414138793945
1653315561.728028,154738,21.589107513427734
1653315565.7559276,155035,21.54863739013672
1653315567.093238,155134,21.533912658691406
1653315569.8009312,155332,21.616661071777344
1653315573.8466995,155629,21.734230041503906
1653315575.2400308,155728,21.744232177734375
1653315576.5741835,155827,21.73188018798828
1653315580.5600173,156124,21.357887268066406
1653315585.8702235,156520,21.495155334472656
1653315592.60921,157015,21.3748779296875
1653315605.9929276,158005,21.364994049072266
1653315607.3419788,158104,21.426050186157227
1653315608.718414,158203,21.399892807006836
1653315614.0011714,158599,21.464582443237305
1653315615.3957663,158698,21.443836212158203
1653315616.7577891,158797,21.470670700073242
1653315627.4095433,159589,21.340974807739258
1653315631.4325898,159886,21.395435333251953
1653315644.8806007,160876,21.243349075317383
1653315648.9456024,161173,21.173873901367188
1653315654.3326085,161569,21.238689422607422
1653315659.6665444,161965,21.036357879638672
1653315662.343147,162163,20.972251892089844
1653315666.3892195,162460,21.00413703918457
1653315667.742851,162559,20.981544494628906
1653315674.5113094,163054,20.969409942626953
1653315675.8591862,163153,20.981779098510742
1653315681.2539265,163549,21.079151153564453
1653315682.6101916,163648,21.063343048095703
1653315683.9702795,163747,21.115060806274414
1653315685.3262668,163846,21.158428192138672
1653315688.04983,164044,21.251754760742188
1653315696.2335894,164638,21.250755310058594
1653315701.658431,165034,21.190532684326172
1653315707.1004407,165430,21.08296012878418
1653315712.4414222,165826,21.33180809020996
1653315716.4534235,166123,21.556644439697266
1653315719.1600707,166321,21.385967254638672
1653315727.3692427,166915,21.38017463684082
1653315728.7327857,167014,21.3674259185791
1653315730.0692537,167113,21.4046688079834
1653315731.436046,167212,21.37355613708496
1653315738.114322,167707,21.35709571838379
1653315739.435508,167806,21.314512252807617
1653315740.7717311,167905,21.266626358032227
1653315745.992007,168301,21.028770446777344
1653315749.9535947,168598,21.118154525756836
1653315752.6625133,168796,21.155986785888672
1653315756.7084758,169093,21.167306900024414
1653315759.3757272,169291,21.112024307250977
1653315760.719407,169390,21.14116859436035
1653315762.048697,169489,21.197763442993164
1653315763.3946335,169588,21.22705078125
1653315771.5653133,170182,21.21181297302246
1653315776.8856235,170578,21.263872146606445
1653315778.257692,170677,21.298036575317383
1653315779.6160097,170776,21.20515251159668
1653315780.9475203,170875,21.217891693115234
1653315787.6723657,171370,21.063533782958984
1653315798.5033212,172162,20.96886444091797
1653315799.8686397,172261,20.98114776611328
1653315805.2628856,172657,21.022132873535156
1653315808.000911,172855,20.966503143310547
1653315812.0449827,173152,20.90414047241211
1653315814.729485,173350,20.767377853393555
1653315818.8220618,173647,20.820098876953125
1653315820.15784,173746,20.763103485107422
1653315831.1480548,174538,20.76297950744629
1653315835.309817,174835,20.740755081176758
1653315850.513635,175825,20.45968246459961
1653315853.2493758,176023,20.33503532409668
1653315857.2045517,176320,20.37891960144043
1653315862.5744736,176716,20.414234161376953
1653315863.9229057,176815,20.44377326965332
1653315865.2309523,176914,20.425010681152344
1653315869.205029,177211,20.402070999145508
1653315873.1683512,177508,20.171064376831055
1653315878.800213,177904,20.054668426513672
1653315884.120288,178300,20.032939910888672
1653315886.7580233,178498,19.99707794189453
1653315894.8265083,179092,19.877071380615234
1653315897.5171852,179290,19.782365798950195
1653315909.7462504,180181,19.642854690551758
1653315915.1759174,180577,19.48712158203125
1653315919.1966355,180874,19.524751663208008
1653315920.5349252,180973,19.571674346923828
1653315923.2534673,181171,19.577796936035156
1653315924.5812972,181270,19.559886932373047
1653315927.267284,181468,19.538818359375
1653315932.6823692,181864,19.60123634338379
1653315935.3731556,182062,19.606931686401367
1653315944.8213747,182755,19.50864601135254
1653315946.1517708,182854,19.555343627929688
1653315947.530322,182953,19.501440048217773
1653315948.8814607,183052,19.41712760925293
1653315952.9716523,183349,19.450220108032227
1653315964.9717894,184240,19.096864700317383
1653315971.7124517,184735,19.17597770690918
1653315973.0678322,184834,19.163837432861328
1653315974.4218054,184933,19.134675979614258
1653315979.752108,185329,19.275190353393555
1653315981.0961668,185428,19.272884368896484
1653315983.7476354,185626,19.26064109802246
1653315987.752849,185923,19.259244918823242
1653315991.8130746,186220,19.287118911743164
1653315995.7288768,186517,19.207040786743164
1653315997.088718,186616,19.192358016967773
1653315999.737231,186814,19.155595779418945
1653316002.4161024,187012,19.080392837524414
1653316005.0941741,187210,19.2196102142334
1653316011.879171,187705,19.121726989746094
1653316017.1903095,188101,19.069433212280273
1653316021.127261,188398,19.13827896118164
1653316029.1894755,188992,18.870813369750977
1653316030.547194,189091,18.90355682373047
1653316031.9249415,189190,18.969335556030273
1653316035.8973486,189487,18.879009246826172
1653316042.7500627,189982,18.87963104248047
1653316050.6993294,190576,18.62575912475586
1653316052.009162,190675,18.505048751831055
1653316065.2714834,191665,18.12334442138672
1653316066.6360788,191764,18.13719367980957
1653316071.954798,192160,18.126134872436523
1653316073.314428,192259,18.079269409179688
1653316074.630408,192358,18.11347007751465
1653316078.6164877,192655,18.113452911376953
1653316081.3139434,192853,18.09548568725586
1653316085.3456628,193150,18.180500030517578
1653316089.3787894,193447,18.11052894592285
1653316093.4307742,193744,18.04256820678711
1653316098.7811844,194140,18.231616973876953
1653316100.1207342,194239,18.252788543701172
1653316101.4951289,194338,18.249576568603516
1653316102.7983563,194437,18.289539337158203
1653316104.1905353,194536,18.250972747802734
1653316106.8081024,194734,18.238819122314453
1653316108.133767,194833,18.222394943237305
1653316109.4687505,194932,18.198823928833008
1653316121.5758111,195823,18.057783126831055
1653316124.2610571,196021,18.08633804321289
1653316126.9715624,196219,17.98581314086914
1653316132.2812905,196615,17.892292022705078
1653316134.9421,196813,17.811899185180664
1653316136.2746916,196912,17.891109466552734
1653316140.1807992,197209,17.876510620117188
1653316174.527929,199783,17.855695724487305
1653316179.8830645,200179,17.809720993041992
1653316181.2077732,200278,17.745174407958984
1653316186.4708955,200674,17.727767944335938
1653316189.154232,200872,17.833511352539062
1653316193.219173,201169,17.783594131469727
1653316198.5849116,201565,17.858112335205078
1653316199.9341142,201664,17.89346694946289
1653316205.2741811,202060,17.739473342895508
1653316209.3066792,202357,17.63353157043457
1653316214.6519504,202753,17.59334373474121
1653316224.027748,203446,17.48531150817871
1653316225.3667574,203545,17.527616500854492
1653316226.692675,203644,17.458362579345703
1653316241.4068136,204733,17.091449737548828
1653316242.752761,204832,17.059375762939453
1653316245.4519339,205030,17.026704788208008
1653316250.884533,205426,17.04226303100586
1653316257.5627332,205921,17.059234619140625
1653316264.314271,206416,17.0429744720459
1653316266.9801927,206614,17.16046714782715
1653316268.3576796,206713,17.20247459411621
1653316270.9989562,206911,17.16777992248535
1653316272.3360212,207010,17.146583557128906
1653316273.6552906,207109,17.0819034576416
1653316279.002798,207505,17.089624404907227
1653316281.6049998,207703,17.128128051757812
1653316282.9193933,207802,17.15403938293457
1653316285.5125902,208000,17.096866607666016
1653316289.576367,208297,17.025747299194336
1653316292.248397,208495,17.02509880065918
1653316297.5911796,208891,16.923105239868164
1653316298.9580538,208990,16.893644332885742
1653316304.2882316,209386,16.922534942626953
1653316305.6032684,209485,16.93700408935547
1653316310.9979806,209881,17.05093002319336
1653316312.3400779,209980,17.098390579223633
1653316316.354524,210277,17.25979232788086
1653316317.6820445,210376,17.306915283203125
1653316321.6423912,210673,17.344844818115234
1653316332.352885,211465,17.166196823120117
1653316333.7179654,211564,17.114898681640625
1653316337.8047564,211861,17.076114654541016
1653316343.171389,212257,17.165006637573242
1653316351.2470913,212851,17.189546585083008
1653316358.0044713,213346,17.271533966064453
1653316364.6947434,213841,17.291011810302734
1653316368.7253075,214138,17.31159019470215
1653316378.0014908,214831,17.273193359375
1653316387.4272213,215524,17.260374069213867
1653316402.123693,216613,17.015554428100586
1653316404.7919524,216811,16.94172477722168
1653316411.5774171,217306,16.974830627441406
1653316418.2563574,217801,16.6833553314209
1653316420.830501,217999,16.571369171142578
1653316422.2076764,218098,16.49985122680664
1653316423.6068795,218197,16.582149505615234
1653316431.605205,218791,16.544734954833984
1653316434.3112962,218989,16.40547752380371
1653316435.6371834,219088,16.354137420654297
1653316438.314792,219286,16.33172035217285
1653316439.6316628,219385,16.38532066345215
1653316447.6547127,219979,16.271671295166016
1653316452.987582,220375,16.190214157104492
1653316455.6817462,220573,16.11326789855957
1653316467.8348632,221464,15.967103004455566
1653316471.8361022,221761,16.009180068969727
1653316475.8187003,222058,15.974492073059082
1653316478.5313816,222256,15.912300109863281
1653316491.9178188,223246,15.543742179870605
1653316495.9229143,223543,15.303900718688965
1653316497.2508562,223642,15.323982238769531
1653316505.2733026,224236,15.261103630065918
1653316509.3011034,224533,15.280916213989258
1653316521.3721564,225424,15.226593017578125
1653316526.7237318,225820,15.052699089050293
1653316528.043335,225919,15.094614028930664
1653316542.919148,227008,14.799468040466309
1653316553.4396622,227800,14.80886173248291
1653316560.1091595,228295,14.927294731140137
1653316561.4464078,228394,14.954933166503906
1653316565.3992283,228691,14.895727157592773
1653316568.0978184,228889,15.039397239685059
1653316574.76478,229384,15.118111610412598
1653316578.7828743,229681,15.120631217956543
1653316585.471394,230176,15.015276908874512
1653316593.592758,230770,14.940184593200684
1653316596.2731483,230968,15.062583923339844
1653316600.2543945,231265,15.098275184631348
1653316606.920705,231760,14.979808807373047
1653316609.5921466,231958,14.943310737609863
1653316610.9266362,232057,14.934408187866211
1653316612.2629495,232156,14.91635513305664
1653316614.9196496,232354,14.911913871765137
1653316616.318321,232453,14.896089553833008
1653316621.5841415,232849,14.71919059753418
1653316622.9056098,232948,14.807859420776367
1653316624.2188213,233047,14.819961547851562
1653316629.6430676,233443,14.889803886413574
1653316632.3638732,233641,14.819787979125977
1653316640.477161,234235,14.508974075317383
1653316644.466094,234532,14.455549240112305
1653316648.5061421,234829,14.362915992736816
1653316651.1819062,235027,14.208161354064941
1653316657.8691347,235522,14.308602333068848
1653316665.9879215,236116,14.27701473236084
1653316672.6680956,236611,14.120609283447266
1653316675.3529263,236809,14.154376983642578
1653316678.0231302,237007,14.210241317749023
1653316679.3349483,237106,14.224044799804688
1653316683.3792677,237403,14.205798149108887
1653316684.6952102,237502,14.189336776733398
1653316703.2902205,238888,13.739073753356934
1653316707.2887678,239185,13.518682479858398
1653316712.6858015,239581,13.44796085357666
1653316724.679919,240472,13.455700874328613
1653316728.6313725,240769,13.344693183898926
1653316734.0325584,241165,13.183072090148926
1653316735.3827953,241264,13.060900688171387
1653316739.4029856,241561,13.13019847869873
1653316742.2158108,241759,13.174697875976562
1653316743.558212,241858,13.145812034606934
1653316751.5058157,242452,12.906048774719238
1653316759.5049381,243046,12.979976654052734
1653316770.212174,243838,13.093791961669922
1653316772.8780375,244036,13.04878044128418
1653316774.2346263,244135,13.02465534210205
1653316779.5929193,244531,13.010428428649902
1653316784.8461654,244927,13.067001342773438
1653316787.494578,245125,12.859058380126953
1653316790.2109132,245323,12.950948715209961
1653316799.6917937,246016,12.81396198272705
1653316801.0049767,246115,12.87221908569336
1653316806.3666546,246511,12.844328880310059
1653316811.708486,246907,12.844870567321777
1653316815.7122784,247204,12.754341125488281
1653316818.3085399,247402,12.739601135253906
1653316819.6328661,247501,12.687891960144043
1653316820.8939302,247600,12.640362739562988
1653316824.8779716,247897,12.59168815612793
1653316827.5348039,248095,12.671208381652832
1653316828.866404,248194,12.585143089294434
1653316831.502376,248392,12.401759147644043
1653316834.1525059,248590,12.46509838104248
1653316838.1342309,248887,12.556771278381348
1653316840.742545,249085,12.583453178405762
1653316843.378788,249283,12.476889610290527
1653316844.7138548,249382,12.417634010314941
1653316846.0369272,249481,12.464783668518066
1653316848.729138,249679,12.295768737792969
1653316851.4081535,249877,12.215452194213867
1653316858.1321602,250372,12.083706855773926
1653316860.7344692,250570,12.149870872497559
1653316862.1407154,250669,12.084793090820312
1653316871.4890842,251362,12.243897438049316
1653316874.1213903,251560,12.114696502685547
1653316876.7749977,251758,12.149176597595215
1653316878.1598752,251857,12.206571578979492
1653316892.8893683,252946,12.350308418273926
1653316907.5578623,254035,12.442488670349121
1653316908.8689578,254134,12.497122764587402
1653316911.5341806,254332,12.509242057800293
1653316915.5799167,254629,12.502055168151855
1653316921.0226233,255025,12.734000205993652
1653316923.7493083,255223,12.72027587890625
1653316925.0438056,255322,12.718094825744629
1653316931.7849164,255817,12.590675354003906
1653316933.1054027,255916,12.615218162536621
1653316934.444269,256015,12.503914833068848
1653316938.3885503,256312,12.43766975402832
1653316939.7047682,256411,12.509628295898438
1653316943.642596,256708,12.544783592224121
1653316951.526163,257302,12.449204444885254
1653316952.822868,257401,12.422689437866211
1653316955.4203632,257599,12.443130493164062
1653316958.1004128,257797,12.455082893371582
1653316960.7477312,257995,12.558731079101562
1653316962.0670824,258094,12.640668869018555
1653316976.865412,259183,12.922877311706543
1653316978.2159665,259282,12.99139404296875
1653316979.5346456,259381,13.040914535522461
1653316983.5436525,259678,13.262776374816895
1653316990.1894956,260173,13.353922843933105
1653316991.5122242,260272,13.448249816894531
1653316998.2773447,260767,13.599681854248047
1653316999.5792947,260866,13.531338691711426
1653317000.9649827,260965,13.534008026123047
1653317002.310242,261064,13.460963249206543
1653317005.011982,261262,13.442654609680176
1653317006.3485668,261361,13.476029396057129
1653317007.6488545,261460,13.403206825256348
1653317011.6438246,261757,13.360794067382812
1653317026.2977254,262846,13.26020336151123
1653317034.3219218,263440,13.084749221801758
1653317037.0288553,263638,13.083230972290039
1653317047.7811847,264430,12.750328063964844
1653317049.0971868,264529,12.663206100463867
1653317050.4481368,264628,12.65302848815918
1653317053.144974,264826,12.551087379455566
1653317062.5375154,265519,12.372428894042969
1653317066.493275,265816,12.330899238586426
1653317069.1236746,266014,12.37610149383545
1653317073.1411932,266311,12.214630126953125
1653317076.0204234,266509,12.24506950378418
1653317078.8505328,266707,12.184062957763672
1653317091.327199,267598,12.292771339416504
1653317092.7071233,267697,12.285711288452148
1653317094.0950172,267796,12.178682327270508
1653317097.5789385,267994,12.044198989868164
1653317100.3009224,268192,11.962306022644043
1653317103.051033,268390,11.810168266296387
1653317105.781249,268588,11.755373001098633
1653317107.1187713,268687,11.73505687713623
1653317112.9034202,269083,11.693095207214355
1653317114.7940907,269182,11.703737258911133
1653317116.3812985,269281,11.62429428100586
1653317123.4701924,269776,11.423357009887695
1653317124.7793148,269875,11.459221839904785
1653317127.509591,270073,11.372949600219727
1653317130.3665159,270271,11.11182689666748
1653317131.746556,270370,11.00444507598877
1653317137.3194127,270766,11.054706573486328
1653317138.675518,270865,10.971003532409668
1653317144.0273216,271261,10.92043399810791
1653317145.3976161,271360,10.922698974609375
1653317146.7490914,271459,10.818418502807617
1653317148.0642374,271558,10.755475044250488
1653317150.7231498,271756,10.786534309387207
1653317152.0149212,271855,10.819620132446289
1653317153.3667061,271954,10.874601364135742
1653317162.796192,272647,11.082428932189941
1653317164.115528,272746,10.980914115905762
1653317165.4824402,272845,10.957277297973633
1653317172.173257,273340,11.096531867980957
1653317173.5282316,273439,10.970004081726074
1653317178.8592246,273835,11.072912216186523
1653317182.8487902,274132,10.93535327911377
1653317186.8213718,274429,10.937824249267578
1653317189.6060133,274627,10.823835372924805
1653317192.2723937,274825,11.031538009643555
1653317194.9368784,275023,11.03954792022705
1653317196.2700245,275122,10.934030532836914
1653317197.608062,275221,10.968575477600098
1653317204.167266,275716,10.874787330627441
1653317205.5013256,275815,10.93976879119873
1653317221.5341165,277003,11.192870140075684
1653317224.112755,277201,11.149616241455078
1653317233.454648,277894,11.213118553161621
1653317241.4134636,278488,11.202367782592773
1653317242.7329714,278587,11.20102596282959
1653317257.3629143,279676,10.974685668945312
1653317258.7177937,279775,10.951581001281738
1653317270.6302388,280666,10.905879020690918
1653317273.3164406,280864,11.030464172363281
1653317276.006315,281062,11.029669761657715
1653317277.3849814,281161,11.047112464904785
1653317280.0656517,281359,11.181459426879883
1653317282.7384253,281557,11.061795234680176
1653317284.082864,281656,11.082723617553711
1653317288.156388,281953,10.961297035217285
1653317293.5054476,282349,10.865547180175781
1653317294.8748667,282448,10.849959373474121
1653317301.4980845,282943,10.82162857055664
1653317304.1421096,283141,10.884007453918457
1653317306.8098643,283339,10.966896057128906
1653317308.163253,283438,10.994714736938477
1653317313.535447,283834,11.126218795776367
1653317316.1852927,284032,11.21821403503418
1653317320.2330575,284329,11.287949562072754
1653317331.0724738,285121,11.348679542541504
1653317332.4326458,285220,11.361222267150879
1653317333.8154724,285319,11.587109565734863
1653317335.1433308,285418,11.562264442443848
1653317337.788356,285616,11.681709289550781
1653317344.483716,286111,11.631697654724121
1653317347.1656227,286309,11.592564582824707
1653317349.7931337,286507,11.537692070007324
1653317352.5658443,286705,11.492044448852539
1653317357.8107357,287101,11.493315696716309
1653317363.0492644,287497,11.324050903320312
1653317364.383157,287596,11.355838775634766
1653317373.8920534,288289,11.416959762573242
1653317375.2317088,288388,11.393495559692383
1653317377.927762,288586,11.361525535583496
1653317379.2902553,288685,11.441929817199707
1653317383.3102477,288982,11.449294090270996
1653317385.9700584,289180,11.66408920288086
1653317387.3230724,289279,11.603119850158691
1653317388.6742013,289378,11.618672370910645
1653317391.355104,289576,11.628140449523926
1653317392.6978946,289675,11.602413177490234
1653317399.3786886,290170,11.482428550720215
1653317404.7665925,290566,11.708463668823242
1653317406.1163812,290665,11.68542194366455
1653317424.873973,292051,12.010845184326172
1653317428.8396924,292348,11.986254692077637
1653317432.8339047,292645,11.888579368591309
1653317436.9015934,292942,11.763117790222168
1653317442.3196123,293338,11.666690826416016
1653317443.666375,293437,11.669772148132324
1653317446.3418412,293635,11.638208389282227
1653317447.7104132,293734,11.686259269714355
1653317449.0382538,293833,11.647258758544922
1653317457.1307108,294427,11.680870056152344
1653317463.8077784,294922,11.828847885131836
1653317465.144622,295021,11.775707244873047
1653317466.457555,295120,11.802250862121582
1653317467.7873003,295219,11.699095726013184
1653317471.8448846,295516,11.613694190979004
1653317474.5500994,295714,11.620022773742676
1653317475.8496299,295813,11.603913307189941
1653317483.8293283,296407,11.60795783996582
1653317487.875186,296704,11.689526557922363
1653317490.466171,296902,11.518174171447754
1653317491.7581959,297001,11.561050415039062
1653317494.443647,297199,11.673604965209961
1653317495.753731,297298,11.715269088745117
1653317498.3787005,297496,11.75029182434082
1653317502.3587732,297793,11.605053901672363
1653317506.4315689,298090,11.628198623657227
1653317517.0624804,298882,11.675556182861328
1653317518.4207213,298981,11.62236213684082
1653317525.0734208,299476,11.728472709655762
1653317527.7329106,299674,11.803465843200684
1653317530.4067688,299872,11.89217758178711
1653317531.7991264,299971,11.994758605957031
