time,Episodes,Villages taken
1653870893.463622,4,3.0
1653870914.744411,18,4.0
1653870947.4478767,40,3.0
1653870958.3294344,47,4.0
1653870980.6140459,62,4.0
1653870982.4417052,63,1.0
1653870994.1635973,71,2.0
1653871002.8959827,77,2.0
1653871010.6561463,82,3.0
1653871021.176466,89,2.0
1653871041.7251048,103,5.0
1653871048.2983186,107,3.0
1653871068.7544274,121,3.0
1653871079.3190017,128,5.0
1653871082.3442583,130,2.0
1653871122.7483637,157,1.0
1653871127.5328486,160,5.0
1653871130.4511518,162,3.0
1653871133.4372509,164,4.0
1653871145.1066575,172,4.0
1653871174.0989647,191,4.0
1653871191.5689116,203,4.0
1653871194.5438418,205,3.0
1653871230.4535975,229,3.0
1653871253.1808963,244,4.0
1653871255.0558484,245,4.0
1653871276.1755238,259,2.0
1653871293.712672,271,2.0
1653871298.4649444,274,3.0
1653871310.2200482,282,3.0
1653871314.9674108,285,2.0
1653871329.6109896,295,2.0
1653871361.4640896,316,1.0
1653871366.2075746,319,2.0
1653871370.2200902,322,3.0
1653871406.3076713,346,3.0
1653871424.6755855,358,5.0
1653871433.4666977,364,2.0
1653871436.3597133,366,2.0
1653871454.857493,378,4.0
1653871466.6738207,386,4.0
1653871472.556462,390,3.0
1653871490.914397,402,5.0
1653871510.3660638,415,3.0
1653871521.0291328,422,4.0
1653871541.64332,436,4.0
1653871543.470585,437,5.0
1653871546.4490733,439,5.0
1653871557.257559,446,4.0
1653871580.0329006,461,4.0
1653871585.9595444,465,5.0
1653871601.7609365,475,4.0
1653871609.5145516,480,4.0
1653871610.6279829,481,4.0
1653871619.6364474,487,4.0
1653871655.3937423,510,5.0
1653871658.3588705,512,3.0
1653871660.2607243,513,3.0
1653871666.3234093,517,5.0
1653871691.024284,533,3.0
1653871698.1694725,538,5.0
1653871701.1483684,540,3.0
1653871720.0420568,552,4.0
1653871726.130713,556,4.0
1653871735.0758462,562,4.0
1653871778.8344033,590,2.0
1653871784.8219724,594,5.0
1653871787.8263128,596,3.0
1653871837.268179,628,3.0
1653871839.1276832,629,4.0
1653871851.3361483,637,4.0
1653871861.1417542,643,4.0
1653871862.3177469,644,3.0
1653871884.54001,658,3.0
1653871898.676378,667,3.0
1653871910.962135,675,4.0
1653871941.452767,694,4.0
1653871983.441866,721,4.0
1653871990.2964728,725,4.0
1653872020.092188,744,3.0
1653872052.0259216,764,4.0
1653872069.4982848,775,2.0
1653872070.6669533,776,5.0
1653872080.9352384,782,2.0
1653872090.3493745,788,2.0
1653872116.6232827,804,4.0
1653872117.8122725,805,2.0
1653872120.9489174,807,4.0
1653872140.4566634,819,5.0
1653872161.169489,832,5.0
1653872201.5763814,857,5.0
1653872215.9843757,866,5.0
1653872223.5410116,871,4.0
1653872248.6000452,886,4.0
1653872266.234445,897,5.0
1653872272.5271423,901,3.0
1653872319.5662696,930,3.0
1653872338.5431948,942,3.0
1653872350.077329,949,3.0
1653872431.308604,999,5.0
1653872436.4524174,1002,2.0
1653872439.68523,1004,4.0
1653872457.6816604,1015,4.0
1653872469.218879,1022,5.0
1653872475.5515811,1026,2.0
1653872478.73868,1028,2.0
1653872493.4860084,1037,2.0
1653872525.2753282,1056,3.0
1653872547.6666157,1070,4.0
1653872549.6773393,1071,3.0
1653872552.9571388,1073,4.0
1653872559.3980956,1077,3.0
1653872574.283999,1086,4.0
1653872594.4852078,1098,3.0
1653872600.8956652,1102,2.0
1653872604.1668983,1104,2.0
1653872612.7736988,1109,2.0
1653872616.0219553,1111,2.0
1653872632.1698022,1121,3.0
1653872638.609605,1125,6.0
1653872650.6174507,1132,4.0
1653872653.8862824,1134,4.0
1653872674.3326173,1146,4.0
1653872682.7932713,1151,4.0
1653872683.9717093,1152,5.0
1653872704.387274,1164,3.0
1653872720.6023707,1174,4.0
1653872723.8683887,1176,3.0
1653872737.6863813,1184,4.0
1653872751.959975,1193,4.0
1653872753.9882483,1194,5.0
1653872793.8146167,1218,3.0
1653872805.5321143,1225,4.0
1653872840.219573,1246,2.0
1653872848.7632592,1251,2.0
1653872850.8435707,1252,3.0
1653872854.1381044,1254,4.0
1653872858.5878146,1257,4.0
1653872865.8979225,1261,3.0
1653872875.6410754,1267,2.0
1653872882.4278216,1271,3.0
1653872890.9716039,1276,3.0
1653872927.316136,1298,3.0
1653872940.209826,1306,4.0
1653872967.1780894,1322,4.0
1653872972.4886928,1325,4.0
1653873005.844102,1345,3.0
1653873030.6994624,1360,3.0
1653873037.2518456,1364,5.0
1653873055.6107683,1375,4.0
1653873057.6717505,1376,4.0
1653873125.2644947,1417,5.0
1653873159.600075,1438,3.0
1653873161.689219,1439,4.0
1653873191.6621704,1457,4.0
1653873192.8703287,1458,4.0
1653873219.4533052,1474,4.0
1653873222.6532032,1476,4.0
1653873246.114965,1490,4.0
1653873252.5816033,1494,4.0
1653873265.6106732,1502,4.0
1653873279.2816913,1510,4.0
1653873283.7193542,1513,4.0
1653873289.0003502,1516,4.0
1653873309.1211932,1528,5.0
1653873342.0570204,1548,5.0
1653873346.559423,1551,5.0
1653873369.87834,1565,4.0
1653873375.0346017,1568,5.0
1653873382.6575232,1573,5.0
1653873387.9744074,1576,4.0
1653873402.8152156,1585,4.0
1653873420.9638996,1596,5.0
1653873429.597686,1601,4.0
1653873432.8686295,1603,6.0
1653873472.5161486,1627,4.0
1653873485.4430132,1635,6.0
1653873488.6523294,1637,4.0
1653873543.580208,1670,4.0
1653873558.6003225,1679,6.0
1653873569.0859494,1685,5.0
1653873583.2987845,1694,5.0
1653873597.2075067,1702,4.0
1653873600.484757,1704,4.0
1653873605.875191,1707,4.0
1653873612.3524735,1711,3.0
1653873624.096714,1718,4.0
1653873668.7669528,1745,3.0
1653873719.745466,1775,3.0
1653873723.0209594,1777,3.0
1653873742.6939547,1789,4.0
1653873747.9646933,1792,3.0
1653873761.084586,1800,4.0
1653873841.1970105,1847,2.0
1653873847.829073,1851,4.0
1653873862.9940164,1860,3.0
1653873871.5976958,1865,4.0
1653873874.8976715,1867,4.0
1653873910.8615918,1888,3.0
1653873929.5484018,1899,3.0
1653873934.094459,1902,3.0
1653873944.02134,1908,4.0
1653873946.10316,1909,3.0
1653873971.329533,1924,4.0
1653873991.925355,1936,3.0
1653873998.5121398,1940,4.0
1653874007.1138537,1945,3.0
1653874010.395772,1947,3.0
1653874032.6601179,1960,1.0
1653874033.9018252,1961,4.0
1653874042.4697726,1966,3.0
1653874060.98309,1977,4.0
1653874064.280776,1979,4.0
1653874078.1789405,1987,4.0
1653874218.0764747,2070,3.0
1653874233.4225216,2079,3.0
1653874249.94422,2089,5.0
1653874268.5324657,2100,3.0
1653874292.3912013,2114,3.0
1653874294.425039,2115,5.0
1653874301.088451,2119,5.0
1653874302.2908232,2120,4.0
1653874314.243993,2127,6.0
1653874334.7121496,2139,4.0
1653874384.8280551,2169,5.0
1653874427.3779824,2194,4.0
1653874452.5631013,2209,5.0
1653874462.4169111,2215,5.0
1653874503.559041,2239,5.0
1653874511.2699618,2244,4.0
1653874573.2173276,2281,4.0
1653874632.788014,2316,4.0
1653874637.3057938,2319,3.0
1653874676.2837386,2342,4.0
1653874704.671983,2359,4.0
1653874755.6322746,2389,4.0
1653874762.2027771,2393,4.0
1653874763.473252,2394,4.0
1653874834.5565426,2436,3.0
1653874843.265618,2441,5.0
1653874865.0436826,2454,4.0
1653874878.1954658,2462,4.0
1653874883.626133,2465,5.0
1653874917.3654327,2485,5.0
1653874930.5329082,2493,4.0
1653874939.0754478,2498,4.0
1653874947.7091043,2503,4.0
1653874971.6476982,2517,3.0
1653874974.86548,2519,4.0
1653874990.2434072,2528,5.0
1653874993.5619404,2530,3.0
1653875053.6070204,2566,4.0
1653875072.112522,2577,5.0
1653875074.1739008,2578,5.0
1653875090.7676923,2588,4.0
1653875109.3127754,2599,3.0
1653875121.331841,2606,4.0
1653875143.1329265,2619,4.0
1653875157.1794713,2627,4.0
1653875158.4188485,2628,4.0
1653875170.4364648,2635,4.0
1653875177.1026053,2639,3.0
1653875183.7574325,2643,5.0
1653875216.531756,2662,4.0
1653875229.9147708,2670,3.0
1653875232.0003457,2671,4.0
1653875236.572861,2674,4.0
1653875248.6665926,2681,4.0
1653875254.0713577,2684,3.0
1653875257.4084165,2686,4.0
1653875262.792654,2689,4.0
1653875269.4161925,2693,3.0
1653875284.9639661,2702,3.0
1653875295.1365888,2708,5.0
1653875303.852264,2713,5.0
1653875310.3964477,2717,3.0
1653875330.4817371,2729,3.0
1653875332.6081026,2730,3.0
1653875339.2429125,2734,6.0
1653875348.0045934,2739,5.0
1653875349.2349114,2740,4.0
1653875372.0139797,2753,4.0
1653875373.2348094,2754,6.0
1653875375.3920028,2755,4.0
1653875383.2780557,2760,5.0
1653875391.8800545,2765,4.0
1653875397.2639456,2768,4.0
1653875413.842251,2778,4.0
1653875425.8906517,2785,4.0
1653875472.2131052,2812,6.0
1653875509.4874926,2834,4.0
1653875526.1762147,2844,5.0
1653875555.6814818,2861,4.0
1653875556.9261963,2862,4.0
1653875589.4547043,2881,5.0
1653875652.2783017,2918,4.0
1653875656.8793252,2921,4.0
1653875679.8271153,2934,3.0
1653875709.7833354,2952,4.0
1653875715.1423018,2955,4.0
1653875727.2369797,2962,4.0
1653875732.5679498,2965,3.0
1653875745.8662596,2973,3.0
1653875767.980058,2986,3.0
1653875784.745489,2996,4.0
1653875824.324679,3019,4.0
1653875849.8211021,3034,4.0
1653875871.9433286,3047,5.0
1653875933.6612637,3083,3.0
1653875935.8697662,3084,4.0
1653875967.8910306,3103,5.0
1653875969.987175,3104,4.0
1653875971.4134507,3105,4.0
1653875989.0416973,3115,4.0
1653875995.759554,3119,4.0
1653875997.027801,3120,5.0
1653875999.0751433,3121,4.0
1653876007.8645394,3126,4.0
1653876011.2133944,3128,4.0
1653876039.8499684,3145,4.0
1653876087.4044075,3173,3.0
1653876096.3552155,3178,4.0
1653876120.6335967,3192,4.0
1653876132.737021,3199,4.0
1653876140.6791525,3204,4.0
1653876162.7647154,3217,3.0
1653876168.2371445,3220,5.0
1653876171.598447,3222,4.0
1653876183.7652788,3229,3.0
1653876203.8682554,3241,4.0
1653876245.6862712,3265,4.0
1653876250.2799435,3268,4.0
1653876316.0455136,3306,3.0
1653876376.3716822,3340,3.0
1653876403.8251865,3356,3.0
1653876435.4391022,3374,3.0
1653876444.4232574,3379,3.0
1653876453.5884461,3384,3.0
1653876454.8778763,3385,3.0
1653876469.4223754,3393,3.0
1653876488.5429573,3404,5.0
1653876512.1787515,3418,5.0
1653876526.477332,3426,4.0
1653876539.9929512,3434,4.0
1653876548.8875563,3439,3.0
1653876586.6715176,3461,4.0
1653876598.8237724,3468,3.0
1653876624.339616,3483,3.0
1653876625.5594265,3484,3.0
1653876627.6440454,3485,5.0
1653876637.5475469,3491,4.0
1653876640.8722396,3493,4.0
1653876652.9309444,3500,5.0
1653876697.0824924,3526,4.0
1653876727.972756,3544,4.0
1653876738.1885877,3550,4.0
1653876765.7308013,3566,4.0
1653876771.1990075,3569,3.0
1653876783.4351916,3576,3.0
1653876803.2173972,3588,4.0
1653876824.066745,3600,4.0
1653876846.2725432,3613,3.0
1653876847.4786117,3614,4.0
1653876851.6527815,3616,5.0
1653876874.9394438,3630,5.0
1653876915.648814,3654,3.0
1653876921.0288355,3657,4.0
1653876924.3484142,3659,4.0
1653876927.6589806,3661,4.0
1653876933.0848072,3664,4.0
1653876939.7505977,3668,3.0
1653876945.1531644,3671,3.0
1653876977.3303506,3690,4.0
1653876994.094518,3700,4.0
1653877014.8812716,3712,3.0
1653877023.6483915,3717,3.0
1653877071.8211095,3745,6.0
1653877073.8861537,3746,4.0
1653877077.167586,3748,3.0
1653877085.1668553,3753,4.0
1653877087.277536,3754,5.0
1653877099.3829722,3761,3.0
1653877102.6915517,3763,4.0
1653877135.0505748,3782,5.0
1653877137.10782,3783,3.0
1653877143.8051565,3787,5.0
1653877149.2223957,3790,3.0
1653877188.6874323,3813,3.0
1653877206.3381066,3823,4.0
1653877248.5965867,3848,3.0
1653877252.89687,3850,3.0
1653877269.697521,3860,3.0
1653877285.1975026,3869,5.0
1653877342.0762963,3902,5.0
1653877357.803484,3911,4.0
1653877364.5538824,3915,5.0
1653877374.6679108,3921,4.0
1653877395.857942,3933,3.0
1653877401.3886073,3936,4.0
1653877430.380555,3953,4.0
1653877437.1466322,3957,5.0
1653877452.7946239,3966,4.0
1653877468.2935202,3975,4.0
1653877478.476092,3981,3.0
1653877532.6056132,4012,4.0
1653877536.017962,4014,5.0
1653877551.6613317,4023,4.0
1653877570.574233,4034,3.0
1653877580.7230444,4040,4.0
1653877593.0601819,4047,4.0
1653877656.8758695,4084,5.0
1653877700.4381065,4109,4.0
1653877710.539882,4115,4.0
1653877721.5026793,4121,4.0
1653877726.1586397,4124,5.0
1653877764.1342988,4146,3.0
1653877781.87509,4156,3.0
1653877825.687445,4181,3.0
1653877844.838739,4192,4.0
1653877870.7628117,4207,5.0
1653877894.7261558,4221,4.0
1653877905.7204955,4227,4.0
1653877939.5363326,4246,4.0
1653877945.053387,4249,4.0
1653877949.8172886,4252,3.0
1653877958.7433147,4257,5.0
1653878000.531885,4281,4.0
1653878065.374764,4318,6.0
1653878074.3810825,4323,3.0
1653878083.5288334,4328,3.0
1653878093.807701,4334,4.0
1653878167.5036614,4376,5.0
1653878173.0781748,4379,5.0
1653878201.2885997,4395,3.0
1653878215.0227973,4403,4.0
1653878221.848611,4407,5.0
1653878247.836312,4422,4.0
1653878251.3658617,4424,4.0
1653878270.675473,4435,4.0
1653878285.3816013,4443,5.0
1653878304.8171291,4454,5.0
1653878325.5033221,4466,4.0
1653878366.5461679,4489,4.0
1653878376.9684362,4495,4.0
1653878430.5330193,4525,3.0
1653878447.7956262,4535,5.0
1653878454.6740491,4539,5.0
1653878499.2164402,4564,4.0
1653878506.0440676,4568,4.0
1653878516.3863673,4574,5.0
1653878531.019024,4582,5.0
1653878573.4549632,4606,5.0
1653878579.0086093,4609,5.0
1653878583.865568,4612,5.0
1653878649.582174,4649,3.0
1653878658.7403383,4654,4.0
1653878665.6795008,4658,5.0
1653878667.893422,4659,5.0
1653878673.5781736,4662,4.0
1653878682.1113625,4667,5.0
1653878701.7183936,4678,3.0
1653878716.5693636,4686,3.0
1653878723.563002,4690,3.0
1653878727.1594555,4692,3.0
1653878737.6499436,4698,3.0
1653878752.736711,4706,3.0
1653878754.0481076,4707,3.0
1653878764.5351255,4713,6.0
1653878770.1573517,4716,4.0
1653878795.3574057,4730,3.0
1653878807.9619691,4737,4.0
1653878847.106253,4759,6.0
1653878858.6705868,4766,3.0
1653878869.9841335,4772,3.0
1653878877.0905926,4776,3.0
1653878878.404589,4777,3.0
1653878926.9663558,4804,6.0
1653878932.6018813,4807,3.0
1653878938.19354,4810,4.0
1653878945.1234338,4814,4.0
1653878972.9780796,4830,3.0
1653878977.3650537,4832,3.0
1653878980.823888,4834,3.0
1653878982.1287642,4835,4.0
1653878984.3882713,4836,3.0
1653878998.3657112,4844,3.0
1653879066.3091516,4882,5.0
1653879089.32169,4895,7.0
1653879115.9155445,4910,4.0
1653879150.2025142,4929,3.0
1653879157.1304111,4933,4.0
1653879169.729223,4940,2.0
1653879176.6448011,4944,4.0
1653879185.8453593,4949,3.0
1653879240.044399,4980,4.0
1653879258.2512095,4990,5.0
1653879260.3844912,4991,5.0
1653879316.7275965,5023,5.0
1653879359.8054714,5047,5.0
1653879385.0002382,5061,5.0
1653879394.0250742,5066,4.0
1653879417.0732877,5079,5.0
1653879418.4059174,5080,3.0
1653879433.142036,5088,4.0
1653879436.6210048,5090,5.0
1653879444.896246,5095,3.0
1653879511.6555033,5132,4.0
1653879518.5977843,5136,4.0
1653879525.635949,5140,4.0
1653879545.3813167,5151,4.0
1653879547.5026972,5152,5.0
1653879551.0089524,5154,5.0
1653879552.3002844,5155,3.0
1653879610.0470731,5187,3.0
1653879629.8800085,5198,3.0
1653879633.3878486,5200,5.0
1653879642.5453644,5205,4.0
1653879646.0231657,5207,3.0
1653879654.5096996,5212,5.0
1653879665.9144547,5218,4.0
1653879677.823555,5225,5.0
1653879701.9515855,5238,5.0
1653879728.835664,5253,4.0
1653879738.1453836,5258,3.0
1653879745.144459,5262,3.0
1653879750.0283558,5265,5.0
1653879788.507362,5286,4.0
1653879804.782755,5295,4.0
1653879845.9087436,5318,5.0
1653879848.1445568,5319,6.0
1653879853.9431157,5322,4.0
1653879857.4517949,5324,3.0
1653879864.510754,5328,4.0
1653879875.1383762,5334,4.0
1653879925.9083693,5362,3.0
1653879941.046384,5370,3.0
1653879982.8203413,5393,4.0
1653879999.339464,5402,5.0
1653880001.5768757,5403,4.0
1653880026.4386952,5417,5.0
1653880039.3873796,5424,5.0
1653880078.2146928,5445,3.0
1653880091.2182753,5452,4.0
1653880094.7631552,5454,4.0
1653880099.6739025,5457,4.0
1653880103.197324,5459,4.0
1653880185.916304,5504,4.0
1653880195.3685308,5509,5.0
1653880196.6911876,5510,3.0
1653880209.6409206,5517,4.0
1653880216.8635774,5521,4.0
1653880220.4609444,5523,4.0
1653880260.8825386,5545,4.0
1653880302.4739773,5567,6.0
1653880370.6741998,5604,4.0
1653880442.6745734,5643,4.0
1653880461.6132224,5653,5.0
1653880486.8692038,5667,4.0
1653880524.1994743,5687,5.0
1653880591.119255,5723,6.0
1653880604.2909675,5730,4.0
1653880622.6936197,5740,4.0
1653880645.2957723,5752,4.0
1653880650.3021026,5755,4.0
1653880653.9449313,5757,5.0
1653880656.238532,5758,6.0
1653880682.747616,5772,6.0
1653880699.4610088,5781,5.0
1653880713.9555418,5789,4.0
1653880793.0811594,5832,5.0
1653880856.3585482,5866,5.0
1653880880.1131806,5879,6.0
1653880882.4063442,5880,4.0
1653880886.0017622,5882,5.0
1653881007.4772575,5948,5.0
1653881016.9371572,5953,6.0
1653881021.846397,5956,5.0
1653881037.2417595,5964,5.0
1653881068.282944,5981,5.0
1653881085.0056381,5990,4.0
1653881098.0882077,5997,5.0
1653881108.8407073,6003,6.0
1653881119.5739574,6009,5.0
1653881121.8404367,6010,7.0
1653881186.3317184,6045,5.0
1653881200.6728816,6053,4.0
1653881243.3995411,6076,4.0
1653881246.958989,6078,4.0
1653881249.1971815,6079,4.0
1653881300.404939,6107,6.0
1653881307.5600696,6111,6.0
1653881311.1053061,6113,5.0
1653881348.675962,6133,6.0
1653881358.022123,6138,5.0
1653881361.6156576,6140,5.0
1653881365.232178,6142,6.0
1653881412.6413386,6168,5.0
1653881480.5180583,6205,4.0
1653881492.1552086,6211,3.0
1653881510.109534,6221,4.0
1653881517.331511,6225,3.0
1653881525.4436655,6229,4.0
1653881537.607905,6236,4.0
1653881550.712352,6243,4.0
1653881566.0122728,6251,4.0
1653881617.5306547,6279,4.0
1653881621.2121804,6281,4.0
1653881634.363998,6288,4.0
1653881648.8585591,6296,4.0
1653881651.1137872,6297,4.0
1653881656.1185021,6300,5.0
1653881682.3339343,6314,5.0
1653881708.5739565,6328,4.0
1653881715.7472744,6332,5.0
1653881719.3824904,6334,5.0
1653881743.3073256,6347,4.0
1653881763.6319833,6358,5.0
1653881765.9037545,6359,5.0
1653881774.4679022,6364,5.0
1653881778.183895,6366,5.0
1653881784.0933146,6369,5.0
1653881852.509312,6406,5.0
1653881885.9650624,6424,4.0
1653881921.9878,6443,5.0
1653881932.8097928,6449,5.0
1653881950.8486545,6459,4.0
1653881976.9968626,6473,4.0
1653882010.5211928,6491,6.0
1653882015.4529147,6494,5.0
1653882017.7404084,6495,4.0
1653882078.8833299,6528,5.0
1653882084.7325563,6531,4.0
1653882101.5079324,6540,4.0
1653882112.2568002,6546,4.0
1653882121.7518432,6551,4.0
1653882123.1060665,6552,4.0
1653882145.6476383,6564,5.0
1653882154.2246516,6569,4.0
1653882183.8724728,6585,4.0
1653882193.2526646,6590,4.0
1653882202.6400487,6595,5.0
1653882209.8085175,6599,4.0
1653882239.4814372,6615,4.0
1653882264.8315697,6629,4.0
1653882301.564149,6649,5.0
1653882323.9204395,6661,5.0
1653882345.3712192,6673,5.0
1653882409.2607443,6708,6.0
1653882422.1759732,6715,4.0
1653882431.5945044,6720,4.0
1653882435.1653473,6722,5.0
1653882438.7210312,6724,4.0
1653882450.3189175,6730,4.0
1653882457.415517,6734,4.0
1653882485.97499,6750,5.0
1653882506.1343477,6761,7.0
1653882510.6425745,6763,5.0
1653882534.3188741,6776,5.0
1653882550.77816,6785,7.0
1653882581.8338032,6802,5.0
1653882616.0855484,6821,5.0
1653882634.8440063,6831,4.0
1653882645.4926999,6837,4.0
1653882654.757028,6842,4.0
1653882658.3477454,6844,5.0
1653882669.053293,6850,4.0
1653882685.6143794,6859,5.0
1653882715.1116674,6875,6.0
1653882786.5454664,6914,5.0
1653882790.1529164,6916,4.0
1653882796.0134692,6919,5.0
1653882816.1766095,6930,6.0
1653882829.0906968,6937,6.0
1653882869.365237,6959,4.0
1653882898.9874473,6975,4.0
1653882927.6023104,6991,5.0
1653882937.1054106,6996,3.0
1653882940.6381104,6998,5.0
1653882946.446895,7001,5.0
1653882966.6926963,7012,5.0
1653882977.4202025,7018,4.0
1653882995.3958066,7028,5.0
1653882997.6603916,7029,5.0
1653883024.8737805,7044,4.0
1653883041.3679454,7053,4.0
1653883043.639731,7054,4.0
1653883104.2148542,7087,5.0
1653883145.98592,7110,5.0
1653883159.015067,7117,4.0
1653883164.9024403,7120,5.0
1653883175.7208426,7126,4.0
1653883245.9433374,7164,4.0
1653883269.6326778,7177,4.0
1653883271.876157,7178,5.0
1653883275.4572637,7180,5.0
1653883286.2365,7186,5.0
1653883292.0315447,7189,4.0
1653883324.4715884,7207,4.0
1653883357.6748006,7225,5.0
1653883401.6611013,7249,4.0
1653883409.8103244,7253,4.0
1653883431.3793662,7265,4.0
1653883448.023392,7274,4.0
1653883482.7841487,7293,5.0
1653883499.4287612,7302,4.0
1653883511.1725204,7308,4.0
1653883559.2017472,7334,4.0
1653883566.4756687,7338,4.0
1653883570.0715666,7340,4.0
1653883594.0449142,7353,4.0
1653883603.5465305,7358,5.0
1653883613.0328546,7363,4.0
1653883620.262112,7367,6.0
1653883638.3332782,7377,5.0
1653883653.8425791,7385,5.0
1653883712.6471457,7417,4.0
1653883725.8874652,7424,4.0
1653883746.6077914,7435,4.0
1653883748.9146757,7436,4.0
1653883753.9781313,7439,4.0
1653883759.8303056,7442,4.0
1653883793.5042005,7460,4.0
1653883800.794359,7464,3.0
1653883808.1343436,7468,5.0
1653883811.767476,7470,5.0
1653883834.5150943,7482,5.0
1653883879.41525,7506,5.0
1653883901.506222,7518,5.0
1653883917.0475547,7526,5.0
1653883928.0545433,7532,5.0
1653883948.5966146,7543,5.0
1653883964.0412855,7551,5.0
1653883967.61685,7553,5.0
1653883978.4348044,7559,5.0
1653883989.3892632,7565,4.0
1653884012.0800483,7577,5.0
1653884041.381363,7593,5.0
1653884054.6343606,7600,6.0
1653884058.308682,7602,5.0
1653884061.9816432,7604,6.0
1653884067.9156609,7607,5.0
1653884125.8250375,7638,4.0
1653884128.1104958,7639,4.0
1653884136.7431161,7644,4.0
1653884163.1353655,7658,5.0
1653884166.793817,7660,4.0
1653884169.1177597,7661,4.0
1653884213.951054,7685,4.0
1653884280.947327,7721,4.0
1653884292.8995202,7727,4.0
1653884294.276845,7728,6.0
1653884297.94607,7730,4.0
1653884347.4969876,7756,4.0
1653884348.8968546,7757,5.0
1653884354.8773923,7760,5.0
1653884356.2341917,7761,5.0
1653884418.3687792,7794,4.0
1653884420.7016802,7795,4.0
1653884447.4306915,7809,6.0
1653884469.53985,7821,5.0
1653884501.2168362,7838,6.0
1653884509.5712712,7842,6.0
1653884524.5325432,7850,6.0
1653884534.220523,7855,6.0
1653884535.6003957,7856,6.0
1653884547.657558,7862,6.0
1653884585.4242113,7882,5.0
1653884609.7730176,7895,5.0
1653884620.8325675,7901,5.0
1653884649.0405653,7916,6.0
1653884651.372077,7917,7.0
1653884668.5219638,7926,6.0
1653884672.1643033,7928,5.0
1653884673.526013,7929,5.0
1653884687.7207127,7936,6.0
1653884782.3732915,7986,5.0
1653884858.347891,8026,5.0
1653884864.412412,8029,5.0
1653884865.772471,8030,5.0
1653884870.517764,8032,4.0
1653884896.3956964,8046,5.0
1653884912.067279,8054,5.0
1653884932.7073495,8065,5.0
1653884954.6362212,8077,5.0
1653884956.9330707,8078,4.0
1653884970.157391,8085,5.0
1653884990.9372838,8096,4.0
1653885039.5349689,8122,5.0
1653885054.0759711,8130,6.0
1653885076.9895859,8142,5.0
1653885080.6301203,8144,5.0
1653885090.2994242,8149,5.0
1653885116.2533147,8163,4.0
1653885118.557134,8164,4.0
1653885122.2246394,8166,4.0
1653885157.5188882,8185,5.0
1653885170.9616199,8192,3.0
1653885185.6015813,8200,5.0
1653885187.944649,8201,5.0
1653885216.19447,8216,5.0
1653885218.45688,8217,5.0
1653885240.5816352,8229,5.0
1653885242.944073,8230,5.0
1653885290.3841298,8255,5.0
1653885332.0269961,8277,4.0
1653885343.0998504,8283,3.0
1653885348.119258,8286,5.0
1653885350.4689848,8287,6.0
1653885357.8426592,8291,5.0
1653885367.5022428,8296,5.0
1653885377.2838614,8301,5.0
1653885467.9492757,8349,5.0
1653885473.941629,8352,5.0
1653885494.9770203,8363,5.0
1653885500.0457892,8366,5.0
1653885511.1186,8372,5.0
1653885520.8467228,8377,5.0
1653885536.3490894,8385,6.0
1653885558.474426,8397,4.0
1653885585.4438968,8411,4.0
1653885595.1711457,8416,6.0
1653885632.157114,8436,4.0
1653885669.92393,8456,4.0
1653885672.223792,8457,4.0
1653885679.5910316,8461,4.0
1653885736.6627176,8491,4.0
1653885760.901347,8504,4.0
1653885792.5087633,8521,4.0
1653885809.4199588,8530,5.0
1653885826.5091717,8539,4.0
1653885843.5038834,8548,3.0
1653885854.3936493,8554,5.0
1653885856.749454,8555,4.0
1653885871.3428314,8563,6.0
1653885942.6763914,8601,4.0
1653885951.3593218,8606,5.0
1653885974.2055387,8618,5.0
1653885977.9244103,8620,5.0
1653885980.2440422,8621,4.0
1653885991.1617355,8627,4.0
1653886050.17588,8659,4.0
1653886058.3850937,8663,4.0
1653886116.0690198,8694,4.0
1653886126.9775624,8700,6.0
1653886151.066083,8713,4.0
1653886160.6106558,8718,4.0
1653886171.5249107,8724,4.0
1653886208.6383886,8744,4.0
1653886223.1771479,8752,3.0
1653886226.8054395,8754,4.0
1653886267.818687,8776,5.0
1653886272.3651109,8778,5.0
1653886290.6951015,8788,5.0
1653886311.1475918,8799,4.0
1653886318.4205258,8803,5.0
1653886322.0885596,8805,4.0
1653886335.1699233,8812,5.0
1653886349.690007,8820,4.0
1653886355.5291507,8823,4.0
1653886374.5955677,8833,4.0
1653886433.8895667,8865,4.0
1653886443.366155,8870,5.0
1653886456.583002,8877,4.0
1653886477.1961126,8888,4.0
1653886488.6621284,8894,5.0
1653886501.7179055,8901,5.0
1653886522.2736506,8912,4.0
1653886531.849708,8917,4.0
1653886539.2019281,8921,4.0
1653886574.2973359,8940,4.0
1653886622.4902928,8966,4.0
1653886630.6834786,8970,4.0
1653886646.6201227,8979,4.0
1653886658.4689732,8985,4.0
1653886659.8237736,8986,4.0
1653886667.145614,8990,4.0
1653886697.2811317,9006,4.0
1653886727.4339683,9022,4.0
1653886748.092241,9033,4.0
1653886778.1850922,9049,4.0
1653886795.122689,9058,4.0
1653886807.3773537,9065,4.0
1653886817.0363512,9070,4.0
1653886905.4773245,9117,4.0
1653886912.8270524,9121,4.0
1653886971.0148442,9152,4.0
1653886985.7047086,9160,4.0
1653886988.0721843,9161,4.0
1653886991.7016013,9163,4.0
1653886994.0118263,9164,4.0
1653887036.6189742,9187,5.0
1653887042.5979478,9190,4.0
1653887047.6049938,9193,5.0
1653887061.0097826,9200,4.0
1653887066.984382,9203,4.0
1653887076.5587354,9208,4.0
1653887083.9886286,9212,5.0
1653887100.8965294,9221,4.0
1653887102.258705,9222,5.0
1653887110.5230327,9226,5.0
1653887125.1818264,9234,5.0
1653887151.9103913,9248,5.0
1653887159.2864509,9252,4.0
1653887160.6242774,9253,4.0
1653887231.9305525,9291,5.0
1653887254.9272192,9303,5.0
1653887258.5872066,9305,4.0
1653887271.7885728,9312,5.0
1653887290.063997,9322,5.0
1653887292.3852794,9323,4.0
1653887299.6931875,9327,4.0
1653887303.2983932,9329,5.0
1653887310.5596316,9333,6.0
1653887316.4926014,9336,4.0
1653887333.461374,9345,4.0
1653887345.7045677,9352,5.0
1653887359.0203397,9359,6.0
1653887371.0201364,9365,5.0
1653887372.3716156,9366,5.0
1653887383.420341,9372,5.0
1653887393.068433,9377,5.0
1653887412.4118364,9387,5.0
1653887430.8451846,9397,5.0
1653887441.8923366,9403,6.0
1653887453.7669153,9409,5.0
1653887470.709176,9418,4.0
1653887507.4241056,9438,4.0
1653887513.3100517,9441,6.0
1653887517.0019317,9443,4.0
1653887540.0499828,9455,5.0
1653887541.3962762,9456,4.0
1653887556.9175715,9464,4.0
1653887568.0574656,9470,5.0
1653887571.6559405,9472,5.0
1653887601.8390338,9488,5.0
1653887603.1553254,9489,4.0
1653887605.4672768,9490,4.0
1653887609.1419525,9492,5.0
1653887661.2986956,9520,5.0
1653887668.5601082,9524,5.0
1653887695.2078404,9538,6.0
1653887712.1997116,9547,6.0
1653887729.27867,9556,6.0
1653887747.636565,9566,4.0
1653887757.4149618,9571,5.0
1653887799.0335438,9593,5.0
1653887814.5927527,9601,5.0
1653887825.7394502,9607,5.0
1653887850.0731132,9620,4.0
1653887912.45824,9653,5.0
1653887940.3802679,9668,4.0
1653887946.374179,9671,3.0
1653887947.7321696,9672,4.0
1653887953.6545405,9675,3.0
1653887970.679083,9684,5.0
1653887978.039329,9688,5.0
1653887985.410351,9692,4.0
1653888008.5614343,9704,4.0
1653888009.9246259,9705,5.0
1653888023.4007862,9712,3.0
1653888068.5812242,9736,4.0
1653888073.224336,9738,4.0
1653888102.2801564,9753,4.0
1653888103.632966,9754,4.0
1653888107.402567,9756,4.0
1653888115.698367,9760,4.0
1653888120.724783,9763,5.0
1653888137.7792125,9772,4.0
1653888168.0740874,9788,4.0
1653888174.0234928,9791,3.0
1653888186.4338017,9798,4.0
1653888215.5438871,9813,5.0
1653888237.3075433,9824,3.0
1653888261.8683567,9837,4.0
1653888286.326867,9850,4.0
1653888312.1212926,9864,3.0
1653888318.1273384,9867,3.0
1653888331.4536405,9874,5.0
1653888366.9458728,9893,5.0
1653888369.2938154,9894,2.0
1653888382.7034595,9901,5.0
1653888387.7449636,9904,5.0
1653888393.7828975,9907,3.0
1653888410.861658,9916,4.0
1653888412.232828,9917,4.0
1653888414.542536,9918,5.0
1653888448.786672,9936,4.0
1653888463.52485,9944,4.0
1653888470.8671768,9948,5.0
1653888473.165007,9949,4.0
1653888474.5122697,9950,5.0
1653888486.5179765,9956,4.0
1653888493.975054,9960,4.0
1653888518.5017967,9973,5.0
1653888528.1914036,9978,4.0
1653888529.5584087,9979,4.0
1653888535.5887816,9982,4.0
1653888545.2422526,9987,3.0
1653888556.3169599,9993,4.0
1653888567.4914274,9999,5.0
