time,Episodes,Reward
1653668637.0560126,4,3.193444013595581
1653668658.4183228,18,4.407309532165527
1653668692.4613817,40,4.753768444061279
1653668703.9730165,47,4.469545841217041
1653668705.170034,48,4.49271297454834
1653668727.4508724,62,4.979724884033203
1653668729.26635,63,4.929276466369629
1653668741.6167343,71,4.839585781097412
1653668752.416989,77,4.7811279296875
1653668760.6508143,82,4.858379364013672
1653668771.5642796,89,4.722419738769531
1653668787.4467046,99,4.78366756439209
1653668793.4251401,103,4.901047706604004
1653668800.29575,107,4.826918601989746
1653668821.7569022,121,4.744536876678467
1653668834.082127,128,4.854864120483398
1653668837.3029304,130,4.897663116455078
1653668879.4497044,157,5.168097496032715
1653668884.1092842,160,5.191712379455566
1653668887.1613872,162,5.353038787841797
1653668890.2467084,164,5.4005560874938965
1653668902.2622514,172,5.466870307922363
1653668931.0011175,191,5.9644341468811035
1653668948.059663,203,6.094266414642334
1653668950.8909652,205,6.1979241371154785
1653668986.311913,229,6.177737712860107
1653669009.58813,244,6.0979743003845215
1653669011.4299355,245,6.156935214996338
1653669034.262881,259,5.946156978607178
1653669053.0024483,271,5.799924850463867
1653669058.0874848,274,5.706296443939209
1653669070.115578,282,5.465137481689453
1653669075.1816573,285,5.513270854949951
1653669091.1405747,295,5.422750949859619
1653669124.3314397,316,5.5504984855651855
1653669129.4551964,319,5.500881195068359
1653669134.1565242,322,5.4743971824646
1653669172.1429965,346,5.698481559753418
1653669191.519251,358,5.698435306549072
1653669200.582563,364,5.705035209655762
1653669203.6369019,366,5.676509857177734
1653669222.6221957,378,5.467759132385254
1653669234.5672917,386,5.606450080871582
1653669240.5048733,390,5.6580352783203125
1653669259.196773,402,5.303527355194092
1653669262.101298,404,5.276719570159912
1653669278.6743133,415,5.30198860168457
1653669289.6069908,422,5.2850213050842285
1653669309.781138,436,5.064678192138672
1653669311.5658822,437,5.089084148406982
1653669314.4831903,439,5.153840065002441
1653669324.9419851,446,5.1647796630859375
1653669347.5924067,461,5.327328681945801
1653669353.9957037,465,5.374975204467773
1653669369.6070125,475,5.481882095336914
1653669377.283791,480,5.579610824584961
1653669378.3531463,481,5.590940952301025
1653669387.202297,487,5.668210506439209
1653669422.0198944,510,5.5793328285217285
1653669424.8628726,512,5.541303634643555
1653669427.1792068,513,5.511183261871338
1653669428.738208,514,5.5398783683776855
1653669433.6753328,517,5.521440029144287
1653669457.9527416,533,5.938617706298828
1653669461.9750469,536,6.039076805114746
1653669464.8984814,538,6.031688690185547
1653669467.8829322,540,5.9839630126953125
1653669486.3193564,552,6.105266094207764
1653669492.3612685,556,5.854950904846191
1653669501.2145064,562,5.880876064300537
1653669510.7040029,568,5.993161201477051
1653669543.800519,590,6.45482873916626
1653669549.712324,594,6.524157524108887
1653669552.6437426,596,6.541680335998535
1653669593.5414085,623,7.207592964172363
1653669600.4797215,628,7.163337707519531
1653669602.2770998,629,7.1905059814453125
1653669614.065184,637,6.984522819519043
1653669623.6309283,643,6.877922534942627
1653669624.775055,644,6.83662223815918
1653669646.210227,658,7.103657245635986
1653669660.00001,667,7.19621467590332
1653669671.8402321,675,7.0182881355285645
1653669702.0317223,694,7.016257286071777
1653669743.8882256,721,7.233120918273926
1653669750.6429975,725,7.184128761291504
1653669759.6378257,731,7.192085266113281
1653669779.7670264,744,7.303020000457764
1653669810.9227664,764,7.534900188446045
1653669827.8747988,775,7.361809730529785
1653669829.0289984,776,7.2945661544799805
1653669838.8819017,782,7.21567964553833
1653669847.9313204,788,7.274115085601807
1653669873.039265,804,7.346217632293701
1653669874.161155,805,7.403400421142578
1653669877.2481732,807,7.307721138000488
1653669896.3318126,819,7.02009391784668
1653669916.5604422,832,7.026776313781738
1653669957.4269214,857,7.009696006774902
1653669971.8193107,866,6.7259368896484375
1653669979.132117,871,6.830540180206299
1653670004.8578372,886,6.884336471557617
1653670023.1758668,897,6.815710544586182
1653670030.9205854,901,6.88560676574707
1653670078.1823394,930,6.9791083335876465
1653670098.1529875,942,7.088388442993164
1653670109.9713132,949,7.215694904327393
1653670188.173164,999,7.653347492218018
1653670193.1349733,1002,7.705403804779053
1653670196.286363,1004,7.685370445251465
1653670213.7126884,1015,8.361834526062012
1653670224.9935365,1022,8.39070987701416
1653670231.0474312,1026,8.357539176940918
1653670234.1253152,1028,8.329090118408203
1653670248.4729342,1037,8.412485122680664
1653670278.977106,1056,8.667350769042969
1653670300.8255806,1070,8.855081558227539
1653670302.7516952,1071,8.839117050170898
1653670305.9545236,1073,8.791662216186523
1653670312.695245,1077,8.981341361999512
1653670327.1683664,1086,9.042638778686523
1653670347.611588,1098,9.405455589294434
1653670354.0005517,1102,9.440520286560059
1653670357.3956666,1104,9.547435760498047
1653670365.5416894,1109,9.420501708984375
1653670368.625727,1111,9.321603775024414
1653670384.3182771,1121,9.402678489685059
1653670391.0065346,1125,9.455352783203125
1653670402.31076,1132,9.544816970825195
1653670405.3740165,1134,9.380341529846191
1653670424.855192,1146,9.540910720825195
1653670433.0481255,1151,9.751073837280273
1653670434.1972628,1152,9.815229415893555
1653670453.6895971,1164,10.152311325073242
1653670469.5310752,1174,10.10149097442627
1653670472.6582043,1176,10.147706985473633
1653670486.269349,1184,10.203374862670898
1653670499.969246,1193,10.293144226074219
1653670501.9331105,1194,10.283467292785645
1653670541.0246532,1218,10.099604606628418
1653670553.5715704,1225,10.253830909729004
1653670588.4714081,1246,10.607028007507324
1653670596.6902215,1251,10.596532821655273
1653670598.652801,1252,10.575326919555664
1653670601.8203726,1254,10.487278938293457
1653670606.2850764,1257,10.496793746948242
1653670613.3480783,1261,10.579379081726074
1653670622.847571,1267,10.433072090148926
1653670629.917048,1271,10.431891441345215
1653670638.5994158,1276,10.491271018981934
1653670674.5734537,1298,10.49428653717041
1653670687.2034783,1306,10.24325180053711
1653670713.0677705,1322,9.958306312561035
1653670718.0695145,1325,9.88692569732666
1653670750.3230565,1345,9.508810997009277
1653670774.5977225,1360,9.437152862548828
1653670780.8687198,1364,9.627593994140625
1653670798.572566,1375,9.638321876525879
1653670800.477046,1376,9.653075218200684
1653670868.342194,1417,9.710594177246094
1653670904.1105347,1438,10.167163848876953
1653670906.4450772,1439,10.148012161254883
1653670937.6355393,1457,9.785505294799805
1653670938.8794224,1458,9.7496976852417
1653670964.7267618,1474,9.493437767028809
1653670967.9238713,1476,9.493468284606934
1653670991.3572567,1490,9.577607154846191
1653670997.6272182,1494,9.633894920349121
1653671010.1513999,1502,9.770010948181152
1653671023.4964697,1510,10.051368713378906
1653671027.8150377,1513,9.904037475585938
1653671032.8688052,1516,9.865338325500488
1653671053.6556106,1528,9.91808032989502
1653671069.2013736,1538,9.748319625854492
1653671086.0270734,1548,9.69404411315918
1653671090.2673714,1551,9.775885581970215
1653671113.2448285,1565,10.415982246398926
1653671118.5326166,1568,10.381569862365723
1653671126.1576414,1573,10.627779960632324
1653671131.2891548,1576,10.661114692687988
1653671145.9496515,1585,10.855011940002441
1653671165.1676445,1596,11.04741382598877
1653671173.3692968,1601,11.089406967163086
1653671176.8456728,1603,11.186943054199219
1653671217.3430293,1627,11.550740242004395
1653671230.6451397,1635,11.607451438903809
1653671234.3068078,1637,11.707868576049805
1653671288.288544,1670,11.167858123779297
1653671302.7695158,1679,11.161111831665039
1653671312.938224,1685,11.039068222045898
1653671326.6823845,1694,11.057598114013672
1653671340.2597868,1702,10.720390319824219
1653671343.3301904,1704,10.736372947692871
1653671348.4098399,1707,10.779964447021484
1653671354.667745,1711,10.832053184509277
1653671365.8030128,1718,10.657110214233398
1653671409.4874027,1745,10.718964576721191
1653671459.350312,1775,10.500875473022461
1653671462.523419,1777,10.439793586730957
1653671481.4962008,1789,10.326772689819336
1653671486.6429627,1792,10.272015571594238
1653671499.1756582,1800,10.647130012512207
1653671574.98121,1847,11.298883438110352
1653671581.2573586,1851,11.279783248901367
1653671595.890742,1860,11.44015121459961
1653671604.2493658,1865,11.555046081542969
1653671607.3944438,1867,11.615067481994629
1653671641.4927192,1888,12.227648735046387
1653671659.4408002,1899,12.13247013092041
1653671663.8748744,1902,12.08767318725586
1653671673.170841,1908,11.88823127746582
1653671675.170757,1909,11.854805946350098
1653671699.318071,1924,11.560442924499512
1653671701.3002007,1925,11.575003623962402
1653671719.0319896,1936,11.599390983581543
1653671725.3980396,1940,11.622271537780762
1653671733.854992,1945,11.550445556640625
1653671736.913562,1947,11.655117988586426
1653671758.820955,1960,11.749112129211426
1653671760.03819,1961,11.745677947998047
1653671768.3529065,1966,11.692008972167969
1653671786.071382,1977,11.676701545715332
1653671789.175414,1979,11.670872688293457
1653671802.5097542,1987,11.51072883605957
1653671949.9338005,2070,11.318406105041504
1653671965.7931318,2079,11.310935974121094
1653671982.2447126,2089,11.42470645904541
1653672000.824669,2100,11.270917892456055
1653672017.9462469,2109,11.19359302520752
1653672026.831946,2114,11.498968124389648
1653672028.8976429,2115,11.51938247680664
1653672035.7876937,2119,11.529623031616211
1653672036.965306,2120,11.500173568725586
1653672049.2316859,2127,11.778122901916504
1653672073.1384096,2139,11.804276466369629
1653672122.466534,2169,12.088393211364746
1653672164.8082829,2194,11.91164493560791
1653672189.0332928,2209,11.94994068145752
1653672198.5730152,2215,11.81261920928955
1653672238.0119424,2239,11.559863090515137
1653672245.538915,2244,11.553361892700195
1653672305.2926085,2281,11.43071174621582
1653672344.9873157,2305,11.438652992248535
1653672364.2500505,2316,11.779210090637207
1653672368.6533165,2319,11.878210067749023
1653672390.819167,2332,12.19966983795166
1653672408.6279416,2342,12.442712783813477
1653672438.1673722,2359,12.407304763793945
1653672490.7550466,2389,13.028685569763184
1653672497.5948567,2393,13.095163345336914
1653672498.949645,2394,13.176569938659668
1653672573.1046836,2436,12.987618446350098
1653672582.6668916,2441,13.081395149230957
1653672605.5301468,2454,13.031399726867676
1653672619.131426,2462,12.98076343536377
1653672624.6551867,2465,13.072710037231445
1653672660.6095128,2485,13.017157554626465
1653672673.9702075,2493,12.966314315795898
1653672683.0269587,2498,12.96534252166748
1653672691.764984,2503,12.773526191711426
1653672716.3049972,2517,13.039715766906738
1653672719.7807257,2519,13.04839038848877
1653672736.752526,2528,13.188246726989746
1653672740.4967728,2530,13.236299514770508
1653672806.4544225,2566,13.480339050292969
1653672825.3710067,2577,13.493515014648438
1653672827.6592174,2578,13.436652183532715
1653672844.4222069,2588,13.584046363830566
1653672851.8453202,2592,13.537762641906738
1653672862.7469025,2599,13.41142463684082
1653672875.3133323,2606,13.310226440429688
1653672897.3416276,2619,13.2191743850708
1653672911.1938696,2627,13.110273361206055
1653672912.5110908,2628,13.104092597961426
1653672924.943119,2635,12.951591491699219
1653672931.3009953,2639,12.816758155822754
1653672933.2777972,2640,12.77538013458252
1653672937.7621171,2643,12.760952949523926
1653672971.1005466,2662,12.840363502502441
1653672984.8979979,2670,12.713689804077148
1653672987.2736459,2671,12.660574913024902
1653672992.3697045,2674,12.613005638122559
1653673005.5304942,2681,12.51385498046875
1653673011.5816417,2684,12.54452133178711
1653673015.5950642,2686,12.541914939880371
1653673022.5275073,2689,12.449789047241211
1653673032.1734004,2693,12.566378593444824
1653673052.4859917,2702,12.568360328674316
1653673064.830349,2708,12.5249662399292
1653673075.5026135,2713,12.436003684997559
1653673082.2288525,2717,12.400912284851074
1653673102.4579568,2729,12.227652549743652
1653673104.4933379,2730,12.2339448928833
1653673112.8835828,2734,12.167434692382812
1653673122.889323,2739,12.172590255737305
1653673124.3721142,2740,12.160526275634766
1653673148.8474445,2753,11.995437622070312
1653673150.0137415,2754,11.986428260803223
1653673152.0448318,2755,12.012055397033691
1653673159.757059,2760,11.940978050231934
1653673168.5764718,2765,11.928242683410645
1653673174.0354612,2768,11.959701538085938
1653673190.5756037,2778,12.142536163330078
1653673202.4352593,2785,12.173619270324707
1653673253.8292882,2812,12.4883394241333
1653673291.3366382,2834,12.733075141906738
1653673308.0948887,2844,13.083528518676758
1653673337.7673275,2861,13.332405090332031
1653673339.0368092,2862,13.381277084350586
1653673372.0307071,2881,13.628584861755371
1653673437.8577166,2918,13.784584045410156
1653673442.7228553,2921,13.817831039428711
1653673466.046939,2934,13.805668830871582
1653673495.9821713,2952,13.360353469848633
1653673501.5346253,2955,13.42117977142334
1653673513.8140109,2962,13.520853042602539
1653673519.3181536,2965,13.344199180603027
1653673532.9073079,2973,13.16500186920166
1653673556.2171397,2986,13.03711986541748
1653673573.081341,2996,13.048226356506348
1653673612.9280925,3019,12.727880477905273
1653673638.5375407,3034,12.270052909851074
1653673660.5620904,3047,12.277429580688477
1653673723.646146,3083,11.631211280822754
1653673726.6807551,3084,11.6367769241333
1653673747.18751,3096,11.416851997375488
1653673759.0144882,3103,11.379323959350586
1653673761.021001,3104,11.421785354614258
1653673762.235519,3105,11.451630592346191
1653673779.8079758,3115,11.582941055297852
1653673786.1991057,3119,11.49488639831543
1653673787.4254906,3120,11.492746353149414
1653673789.427862,3121,11.497549057006836
1653673798.2601812,3126,11.650158882141113
1653673801.5953715,3128,11.740281105041504
1653673833.610814,3145,12.261746406555176
1653673880.944334,3173,13.135454177856445
1653673889.413723,3178,13.190682411193848
1653673914.0787992,3192,13.442416191101074
1653673928.9625928,3199,13.559443473815918
1653673939.0217614,3204,13.657186508178711
1653673963.047619,3217,13.905135154724121
1653673968.8036892,3220,13.967828750610352
1653673972.3576171,3222,13.946676254272461
1653673984.3920755,3229,13.81061840057373
1653674005.052423,3241,13.912550926208496
1653674046.816405,3265,13.359086036682129
1653674051.3344054,3268,13.382525444030762
1653674118.0898004,3306,13.224587440490723
1653674175.2835555,3340,13.408297538757324
1653674201.8591993,3356,13.393921852111816
1653674217.2810826,3365,13.508894920349121
1653674232.5113285,3374,13.573563575744629
1653674241.1356132,3379,13.491594314575195
1653674249.6686647,3384,13.453360557556152
1653674250.8823278,3385,13.449830055236816
1653674264.9776468,3393,13.43606185913086
1653674283.6046884,3404,13.229334831237793
1653674306.3930748,3418,12.894084930419922
1653674312.9352252,3422,12.904004096984863
1653674320.3540103,3426,12.85667610168457
1653674338.568266,3434,12.665043830871582
1653674347.5598962,3439,12.665765762329102
1653674385.3373487,3461,12.69462776184082
1653674397.4223368,3468,12.588150024414062
1653674425.9782624,3483,12.700573921203613
1653674427.317337,3484,12.74648380279541
1653674429.3988008,3485,12.746305465698242
1653674440.3464167,3491,12.8174467086792
1653674443.7973335,3493,12.917256355285645
1653674455.9188845,3500,12.997976303100586
1653674502.1112945,3526,13.151932716369629
1653674534.4507835,3544,13.132223129272461
1653674544.0920215,3550,13.238008499145508
1653674557.6988366,3558,13.182111740112305
1653674570.6996148,3566,13.271671295166016
1653674575.9568305,3569,13.318673133850098
1653674587.8822317,3576,13.351966857910156
1653674606.9924285,3587,13.446722030639648
1653674608.22145,3588,13.437443733215332
1653674629.7340596,3600,13.337517738342285
1653674652.4896438,3613,13.402299880981445
1653674653.6953385,3614,13.4190034866333
1653674657.7971709,3616,13.527287483215332
1653674680.6205282,3630,13.64633560180664
1653674720.9623287,3654,13.772591590881348
1653674726.2630918,3657,13.895028114318848
1653674729.5631173,3659,13.910215377807617
1653674732.9609268,3661,13.811952590942383
1653674738.2335525,3664,13.844515800476074
1653674744.7709458,3668,13.840441703796387
1653674750.0674317,3671,13.756267547607422
1653674751.275611,3672,13.742143630981445
1653674781.5034552,3690,13.579154968261719
1653674797.834149,3700,13.662259101867676
1653674818.3880932,3712,13.737298011779785
1653674826.988125,3717,13.519489288330078
1653674874.7483997,3745,13.048722267150879
1653674876.806934,3746,13.00085163116455
1653674880.0945165,3748,13.093323707580566
1653674887.814084,3753,13.042227745056152
1653674889.8277533,3754,13.051271438598633
1653674901.5809176,3761,12.962993621826172
1653674904.979433,3763,12.992063522338867
1653674933.1906283,3780,13.442903518676758
1653674936.5248666,3782,13.4834566116333
1653674938.5699754,3783,13.530755996704102
1653674945.0886064,3787,13.524666786193848
1653674950.3295922,3790,13.447671890258789
1653674988.7062628,3813,13.359082221984863
1653675005.455738,3823,13.608441352844238
1653675046.6329112,3848,13.604238510131836
1653675050.7479923,3850,13.653372764587402
1653675068.0813181,3860,13.881692886352539
1653675084.223443,3869,13.922059059143066
1653675089.7146747,3872,13.770198822021484
1653675140.9049175,3902,13.868391036987305
1653675155.685861,3911,13.710619926452637
1653675162.2602336,3915,13.636076927185059
1653675171.8815575,3921,13.578701972961426
1653675192.6420705,3933,13.46999454498291
1653675198.1159291,3936,13.545942306518555
1653675229.0659318,3953,13.644113540649414
1653675236.510111,3957,13.611117362976074
1653675251.9035103,3966,13.448397636413574
1653675267.6082773,3975,13.643049240112305
1653675278.5077899,3981,13.749191284179688
1653675332.262222,4012,13.560751914978027
1653675335.7650163,4014,13.634212493896484
1653675350.8474698,4023,13.826713562011719
1653675369.4144258,4034,14.16692066192627
1653675379.4413755,4040,14.088698387145996
1653675391.6259048,4047,14.046863555908203
1653675454.9871876,4084,13.871050834655762
1653675498.1930532,4109,13.778964042663574
1653675508.2162588,4115,13.827470779418945
1653675522.875361,4121,13.920480728149414
1653675528.670302,4124,13.932863235473633
1653675568.7520723,4146,14.057917594909668
1653675591.9636827,4156,14.164673805236816
1653675642.2136917,4181,14.420771598815918
1653675662.9352946,4192,14.692280769348145
1653675691.0261588,4207,14.732867240905762
1653675714.7075489,4221,14.215397834777832
1653675725.346018,4227,14.052262306213379
1653675756.8483622,4246,13.946466445922852
1653675762.6132612,4249,13.81143856048584
1653675767.839384,4252,13.812518119812012
1653675769.7672696,4253,13.810697555541992
1653675776.404425,4257,13.956642150878906
1653675818.0955818,4281,14.187788963317871
1653675879.9424458,4318,14.331174850463867
1653675888.3623204,4323,14.408963203430176
1653675896.9964175,4328,14.516144752502441
1653675906.9609973,4334,14.562149047851562
1653675986.1259012,4376,13.913427352905273
1653675991.7331238,4379,14.023975372314453
1653676021.0972075,4395,13.847397804260254
1653676034.690041,4403,13.930081367492676
1653676041.8218985,4407,13.869808197021484
1653676067.072287,4422,13.758153915405273
1653676070.3253107,4424,13.807534217834473
1653676092.4365902,4435,13.418499946594238
1653676106.8642976,4443,13.220871925354004
1653676126.9507375,4454,13.068740844726562
1653676148.8494074,4466,13.134111404418945
1653676192.0100274,4489,13.254549980163574
1653676201.8902948,4495,13.367047309875488
1653676208.5193763,4499,13.326701164245605
1653676238.1059864,4514,13.684417724609375
1653676257.4443555,4525,13.784013748168945
1653676275.8674636,4535,14.246855735778809
1653676282.6913884,4539,14.246297836303711
1653676291.5132313,4544,14.233086585998535
1653676323.719115,4562,14.476785659790039
1653676326.9488232,4564,14.486112594604492
1653676333.3690822,4568,14.520944595336914
1653676343.0115705,4574,14.324203491210938
1653676357.8000908,4582,14.330168724060059
1653676399.5013983,4606,14.078431129455566
1653676405.0585926,4609,14.055843353271484
1653676409.7117944,4612,14.054410934448242
1653676476.8549578,4649,14.156320571899414
1653676485.869759,4654,14.130240440368652
1653676493.5835938,4658,14.252364158630371
1653676495.8473318,4659,14.215846061706543
1653676501.2087538,4662,14.198554039001465
1653676510.6251268,4667,14.119860649108887
1653676530.1733496,4678,14.322881698608398
1653676547.0240428,4686,14.50632381439209
1653676554.0204947,4690,14.521121978759766
1653676557.6442962,4692,14.52717113494873
1653676569.6239,4698,14.642531394958496
1653676586.1758862,4706,14.75386905670166
1653676587.4488883,4707,14.796836853027344
1653676597.2685719,4713,14.762463569641113
1653676602.786916,4716,14.778172492980957
1653676630.2142308,4730,14.85409927368164
1653676642.4859195,4737,14.798857688903809
1653676681.1154966,4759,14.71157455444336
1653676692.0787785,4766,14.735516548156738
1653676703.6505225,4772,14.747706413269043
1653676710.6951327,4776,14.679697036743164
1653676712.0990417,4777,14.64454460144043
1653676765.1451812,4804,13.790399551391602
1653676771.7403939,4807,13.678020477294922
1653676776.9850557,4810,13.597259521484375
1653676783.8888638,4814,13.70883846282959
1653676811.9222918,4830,13.496614456176758
1653676816.523045,4832,13.478492736816406
1653676820.1867316,4834,13.448943138122559
1653676821.5410123,4835,13.5042142868042
1653676823.9570704,4836,13.552522659301758
1653676836.5528643,4843,13.531881332397461
1653676837.86353,4844,13.519980430603027
1653676870.2056756,4862,13.786271095275879
1653676903.5217016,4882,14.017739295959473
1653676925.5490372,4895,14.382390975952148
1653676950.3110318,4910,14.610295295715332
1653676984.4496124,4929,14.73807430267334
1653676991.0380602,4933,14.83759880065918
1653677002.6584628,4940,14.791738510131836
1653677009.1353674,4944,14.901759147644043
1653677017.6663845,4949,14.872010231018066
1653677068.3493474,4980,14.730969429016113
1653677085.5056403,4990,14.670969009399414
1653677087.5023673,4991,14.700459480285645
1653677140.580867,5023,14.864707946777344
1653677180.715806,5047,14.678362846374512
1653677204.351309,5061,14.910260200500488
1653677212.8578956,5066,15.044878005981445
1653677234.6686106,5079,14.827982902526855
1653677235.8558054,5080,14.779345512390137
1653677249.7621944,5088,14.771766662597656
1653677252.9964166,5090,14.81670093536377
1653677260.6545584,5095,14.704981803894043
1653677322.616103,5132,14.539377212524414
1653677329.0648832,5136,14.602694511413574
1653677335.5284796,5140,14.608890533447266
1653677353.690426,5151,14.778711318969727
1653677355.7278044,5152,14.772147178649902
1653677358.9055278,5154,14.766252517700195
1653677360.113644,5155,14.769816398620605
1653677413.5386045,5187,14.879606246948242
1653677431.8311675,5198,14.619758605957031
1653677435.0760548,5200,14.626704216003418
1653677443.5464709,5205,14.70409870147705
1653677446.8131232,5207,14.6650972366333
1653677455.5157192,5212,14.516443252563477
1653677466.3156502,5218,14.3641939163208
1653677477.3234363,5225,14.131856918334961
1653677499.5821676,5238,14.103777885437012
1653677524.4542642,5253,14.011178016662598
1653677525.6812348,5254,14.052857398986816
1653677533.0218406,5258,13.943161010742188
1653677539.5457826,5262,13.96265697479248
1653677544.017837,5265,14.037325859069824
1653677579.1974328,5286,14.112765312194824
1653677594.298919,5295,13.978354454040527
1653677597.498731,5297,13.946158409118652
1653677631.8542829,5318,14.177391052246094
1653677633.8513937,5319,14.186272621154785
1653677639.1029253,5322,14.378982543945312
1653677642.3929887,5324,14.498038291931152
1653677648.8766544,5328,14.542951583862305
1653677658.6234167,5334,14.858856201171875
1653677704.6919546,5362,16.153215408325195
1653677715.1584873,5368,16.399417877197266
1653677718.3982394,5370,16.46927261352539
1653677756.188451,5393,17.976272583007812
1653677771.1935127,5402,18.697528839111328
1653677773.2039764,5403,18.742393493652344
1653677795.8949823,5417,19.73173713684082
1653677807.5977108,5424,19.76961326599121
1653677842.8783805,5445,20.07663345336914
1653677854.5900156,5452,20.444820404052734
1653677857.906389,5454,20.489032745361328
1653677862.5738986,5457,20.433269500732422
1653677865.7764108,5459,20.492164611816406
1653677940.5051138,5504,20.61784553527832
1653677949.0556102,5509,20.575559616088867
1653677950.2482166,5510,20.56986427307129
1653677961.968006,5517,20.63204574584961
1653677968.4210863,5521,20.72880744934082
1653677971.735692,5523,20.76935577392578
1653678008.1366038,5545,20.752744674682617
1653678045.6167767,5567,20.574819564819336
1653678108.5350187,5604,20.718454360961914
1653678172.5273535,5643,18.962295532226562
1653678189.4977264,5653,19.012155532836914
1653678211.9252799,5667,18.83673095703125
1653678244.9491875,5687,18.82135009765625
1653678276.7211418,5706,19.150238037109375
1653678287.665593,5713,19.237045288085938
1653678304.6603389,5723,19.457014083862305
1653678316.382758,5730,19.619144439697266
1653678332.4276233,5740,20.2150936126709
1653678352.3693485,5752,20.27437400817871
1653678356.8236678,5755,20.272727966308594
1653678360.0853283,5757,20.285137176513672
1653678362.1446335,5758,20.341720581054688
1653678385.6957076,5772,20.077489852905273
1653678400.5499551,5781,20.070480346679688
1653678413.4374259,5789,20.016679763793945
1653678483.7956598,5832,20.33197021484375
1653678540.4809089,5866,20.612192153930664
1653678561.7531037,5879,20.723691940307617
1653678563.7613993,5880,20.67058563232422
1653678567.019415,5882,20.659198760986328
1653678677.5473523,5948,21.457082748413086
1653678685.915549,5953,21.07323455810547
1653678690.3257058,5956,20.83404541015625
1653678704.137616,5964,20.71358871459961
1653678731.9867113,5981,20.473047256469727
1653678746.96314,5990,20.37801170349121
1653678758.749942,5997,20.270910263061523
1653678768.4467735,6003,20.061355590820312
1653678778.2725523,6009,19.998512268066406
1653678780.3049326,6010,20.01055335998535
1653678837.8156354,6045,19.48613739013672
1653678850.7100139,6053,19.828256607055664
1653678888.7697434,6076,20.250642776489258
1653678891.9918034,6078,20.22801399230957
1653678893.99061,6079,20.223894119262695
1653678939.7933042,6107,20.358627319335938
1653678946.244555,6111,20.311450958251953
1653678949.4857435,6113,20.27248191833496
1653678982.6666741,6133,20.03837776184082
1653678991.244351,6138,20.33319091796875
1653678994.526788,6140,20.31319236755371
1653678997.7436318,6142,20.299667358398438
1653679040.9647274,6168,20.0863094329834
1653679102.5115728,6205,20.077777862548828
1653679113.0768604,6211,20.17706871032715
1653679129.3628292,6221,20.260311126708984
1653679135.9093146,6225,20.264310836791992
1653679143.2108285,6229,20.17517852783203
1653679154.1907475,6236,20.322494506835938
1653679166.0266833,6243,20.33009147644043
1653679180.02773,6251,20.420225143432617
1653679226.1328423,6279,20.555156707763672
1653679229.3023696,6281,20.57033920288086
1653679241.1191995,6288,20.63071060180664
1653679254.7742033,6296,20.634746551513672
1653679257.1827455,6297,20.634746551513672
1653679261.6403065,6300,20.622732162475586
1653679285.572639,6314,20.73697853088379
1653679309.670693,6328,20.960630416870117
1653679316.1942182,6332,20.982084274291992
1653679317.4260767,6333,20.98339080810547
1653679319.4567235,6334,20.982391357421875
1653679341.0172703,6347,21.067806243896484
1653679359.2726617,6358,21.215312957763672
1653679361.3087308,6359,21.266586303710938
1653679368.9318595,6364,21.330249786376953
1653679372.7172627,6366,21.097286224365234
1653679378.475999,6369,21.1216983795166
1653679439.879129,6406,20.147411346435547
1653679470.1149137,6424,18.83302116394043
1653679502.40552,6443,18.203840255737305
1653679512.16612,6449,18.15999984741211
1653679528.4253705,6459,18.15135955810547
1653679552.0176947,6473,18.23660659790039
1653679582.314353,6491,18.443279266357422
1653679587.058186,6494,18.646732330322266
1653679589.126632,6495,18.681724548339844
1653679636.2989488,6522,20.031578063964844
1653679646.130302,6528,20.416093826293945
1653679651.369277,6531,20.540380477905273
1653679666.6229901,6540,20.478376388549805
1653679677.2559543,6546,20.736644744873047
1653679686.2527568,6551,20.750377655029297
1653679687.4544437,6552,20.71631622314453
1653679709.0975819,6564,20.859254837036133
1653679716.9275372,6569,20.904212951660156
1653679744.9351397,6585,20.91045570373535
1653679754.068985,6590,20.800390243530273
1653679762.9232874,6595,20.736173629760742
1653679769.867153,6599,20.70123291015625
1653679798.8009703,6615,20.829381942749023
1653679822.1370325,6629,20.81719398498535
1653679858.812941,6649,20.944629669189453
1653679880.3374388,6661,20.60913848876953
1653679900.0624018,6673,20.59855079650879
1653679961.4874353,6708,20.05391502380371
1653679973.7390351,6715,19.86140251159668
1653679982.4107287,6720,19.759990692138672
1653679985.6766598,6722,19.701566696166992
1653679989.0062792,6724,19.709157943725586
1653679999.865237,6730,19.730424880981445
1653680006.70045,6734,19.598356246948242
1653680033.9942865,6750,19.323667526245117
1653680053.1383138,6761,19.65679931640625
1653680057.2626464,6763,19.610383987426758
1653680078.9679222,6776,19.580577850341797
1653680094.137645,6785,19.716379165649414
1653680122.392322,6802,20.275997161865234
1653680154.3080416,6821,20.491273880004883
1653680172.4842787,6831,20.586811065673828
1653680183.7075484,6837,20.73419761657715
1653680193.915215,6842,21.01021957397461
1653680198.7356408,6844,21.06022834777832
1653680209.522792,6850,21.09280776977539
1653680225.136872,6859,20.915359497070312
1653680236.8719132,6866,20.870738983154297
1653680243.3647397,6870,20.974468231201172
1653680252.0128088,6875,20.938241958618164
1653680316.7913196,6914,21.12957763671875
1653680320.0373535,6916,21.125696182250977
1653680325.3201056,6919,21.369415283203125
1653680343.7055757,6930,21.411880493164062
1653680355.5175288,6937,21.21011734008789
1653680392.2890158,6959,21.637022018432617
1653680419.2640655,6975,21.70069694519043
1653680445.339595,6991,21.696041107177734
1653680453.901979,6996,21.594816207885742
1653680458.2477858,6998,21.494144439697266
1653680463.8308704,7001,21.461233139038086
1653680482.8525333,7012,21.397275924682617
1653680492.649302,7018,21.394855499267578
1653680509.3950694,7028,21.074813842773438
1653680511.3976033,7029,20.97123146057129
1653680536.2926567,7044,21.265302658081055
1653680551.3908646,7053,21.227392196655273
1653680553.426603,7054,21.130144119262695
1653680608.5917454,7087,21.20811653137207
1653680646.5614116,7110,21.511398315429688
1653680658.4926434,7117,21.487030029296875
1653680663.9025402,7120,21.563446044921875
1653680673.7946765,7126,21.93467140197754
1653680737.618547,7164,21.461511611938477
1653680759.2606337,7177,21.508527755737305
1653680761.285656,7178,21.533157348632812
1653680764.5091853,7180,21.488304138183594
1653680774.270409,7186,21.34345817565918
1653680779.59366,7189,21.416730880737305
1653680809.2217505,7207,21.195741653442383
1653680839.8853264,7225,21.0610408782959
1653680879.399055,7249,21.040327072143555
1653680886.6424363,7253,20.861087799072266
1653680907.7812853,7265,20.893260955810547
1653680923.7763329,7274,20.90317726135254
1653680956.0847127,7293,21.082033157348633
1653680972.379649,7302,21.022396087646484
1653680983.5955138,7308,20.971216201782227
1653681028.6268232,7334,21.049579620361328
1653681035.4009993,7338,21.13067054748535
1653681038.7181022,7340,21.071109771728516
1653681062.2218468,7353,21.36227798461914
1653681065.5216043,7355,21.39771842956543
1653681071.2562652,7358,21.388591766357422
1653681080.1145613,7363,21.3612060546875
1653681087.2113206,7367,21.392120361328125
1653681103.9386523,7377,21.3924617767334
1653681118.7607973,7385,21.39030647277832
1653681174.9106524,7417,20.79066276550293
1653681187.3042078,7424,20.572765350341797
1653681206.2594278,7435,20.216754913330078
1653681208.45674,7436,20.221214294433594
1653681213.253261,7439,20.24112892150879
1653681218.678579,7442,20.225208282470703
1653681249.9865384,7460,19.996400833129883
1653681256.6234393,7464,19.938180923461914
1653681263.275492,7468,19.87588882446289
1653681266.727651,7470,19.872512817382812
1653681287.877427,7482,19.950679779052734
1653681329.695521,7506,20.310897827148438
1653681350.1705778,7518,20.62595558166504
1653681364.9139771,7526,20.853342056274414
1653681375.003381,7532,20.971837997436523
1653681394.5335126,7543,20.87860679626465
1653681409.4238327,7551,20.809659957885742
1653681412.6770399,7553,20.81131362915039
1653681422.810646,7559,20.768577575683594
1653681432.8954244,7565,20.648271560668945
1653681456.065039,7577,20.881319046020508
1653681472.4460998,7586,20.890865325927734
1653681484.3482413,7593,20.88892936706543
1653681496.2287157,7600,20.95429801940918
1653681499.5232785,7602,20.97894859313965
1653681502.7947369,7604,20.960525512695312
1653681508.1054857,7607,20.944866180419922
1653681562.1074598,7638,21.102468490600586
1653681564.451855,7639,21.091266632080078
1653681572.4618633,7644,21.129419326782227
1653681574.5152185,7645,21.117324829101562
1653681597.076344,7658,21.409536361694336
1653681601.207718,7660,21.424373626708984
1653681603.6853192,7661,21.463645935058594
1653681650.7302527,7685,21.431072235107422
1653681714.0196042,7721,21.568967819213867
1653681724.8267694,7727,21.494373321533203
1653681726.0705292,7728,21.498756408691406
1653681729.3605075,7730,21.463411331176758
1653681773.6688087,7756,21.400859832763672
1653681774.9001682,7757,21.407133102416992
1653681778.2511067,7759,21.38892936706543
1653681780.5173314,7760,21.383928298950195
1653681781.7487442,7761,21.378929138183594
1653681840.3355432,7794,21.25782585144043
1653681842.4360197,7795,21.22696876525879
1653681867.8529267,7809,21.339214324951172
1653681888.9727683,7821,21.281339645385742
1653681919.6663795,7838,21.295997619628906
1653681929.2555323,7842,21.286300659179688
1653681943.0314906,7850,21.227367401123047
1653681952.3073258,7855,21.24375343322754
1653681953.5389583,7856,21.22894287109375
1653681964.8678691,7862,21.312742233276367
1653681975.304459,7868,21.35093879699707
1653681999.3933814,7882,21.26080322265625
1653682022.041691,7895,21.234176635742188
1653682032.277318,7901,21.10372543334961
1653682054.6857638,7914,21.166221618652344
1653682058.0469334,7916,21.05811309814453
1653682060.134439,7917,21.068260192871094
1653682075.769394,7926,20.741971969604492
1653682079.404531,7928,20.732072830200195
1653682081.4014075,7929,20.72207260131836
1653682098.5439594,7936,20.599512100219727
1653682139.5893779,7959,20.411376953125
1653682188.8554833,7986,20.398193359375
1653682201.4913845,7993,19.950334548950195
1653682257.844497,8026,19.15689468383789
1653682264.7098386,8029,19.17241096496582
1653682266.0427883,8030,19.024005889892578
1653682270.452359,8032,19.123701095581055
1653682295.0548377,8046,19.065614700317383
1653682309.314698,8054,19.08301544189453
1653682320.4468892,8061,19.281068801879883
1653682327.7801838,8065,19.29755401611328
1653682347.6162004,8077,19.225765228271484
1653682349.6605778,8078,19.256988525390625
1653682361.5322301,8085,19.04808807373047
1653682380.09225,8096,19.742313385009766
1653682426.3470747,8122,20.430463790893555
1653682440.3083289,8130,20.366249084472656
1653682461.350829,8142,20.423513412475586
1653682464.6464107,8144,20.45887565612793
1653682473.3346868,8149,20.38311004638672
1653682496.6617815,8163,20.26665687561035
1653682498.710655,8164,20.26683235168457
1653682502.009137,8166,20.284832000732422
1653682532.3353722,8184,20.494787216186523
1653682533.5650253,8185,20.501686096191406
1653682545.7835262,8192,20.570022583007812
1653682559.0861764,8200,20.558860778808594
1653682561.1551661,8201,20.49525260925293
1653682586.7919698,8216,19.9196834564209
1653682588.8210611,8217,19.854570388793945
1653682608.4623857,8229,19.250234603881836
1653682610.506339,8230,19.227516174316406
1653682655.3432236,8255,18.288467407226562
1653682692.6013842,8277,17.46665382385254
1653682705.9925697,8283,17.439977645874023
1653682712.0858073,8286,17.33922004699707
1653682714.3907382,8287,17.32859230041504
1653682722.6257536,8291,17.32366943359375
1653682735.157025,8296,17.408334732055664
1653682746.349091,8301,17.58632469177246
1653682832.2388773,8349,20.26142120361328
1653682837.6515298,8352,20.417816162109375
1653682857.270191,8363,20.980005264282227
1653682862.0049503,8366,21.146982192993164
1653682871.7958615,8372,21.398109436035156
1653682880.8811576,8377,21.500741958618164
1653682895.861885,8385,21.769630432128906
1653682916.38669,8397,21.800395965576172
1653682941.509646,8411,21.651010513305664
1653682950.1225061,8416,21.754230499267578
1653682983.4883578,8436,21.83016586303711
1653683020.6021411,8456,21.67620277404785
1653683022.965984,8457,21.6982364654541
1653683030.9448178,8461,21.565656661987305
1653683085.749105,8491,20.86691665649414
1653683108.2892456,8504,20.78057861328125
1653683141.9068582,8521,20.633724212646484
1653683161.9000258,8530,20.432558059692383
1653683177.7736351,8539,20.208309173583984
1653683193.5213237,8548,20.174470901489258
1653683203.5238886,8554,20.1424560546875
1653683205.6326926,8555,20.11684226989746
1653683218.916046,8563,20.097105026245117
1653683239.9315345,8575,20.389371871948242
1653683287.4993002,8601,20.5787353515625
1653683295.978325,8606,20.59593391418457
1653683319.024492,8618,20.723960876464844
1653683322.535702,8620,20.71913719177246
1653683324.675636,8621,20.698522567749023
1653683335.06176,8627,20.87017250061035
1653683394.1494699,8659,21.3443546295166
1653683402.5420482,8663,21.525421142578125
1653683460.1175385,8694,21.49401092529297
1653683471.1817727,8700,21.56236457824707
1653683495.686611,8713,21.451139450073242
1653683504.8153932,8718,21.412519454956055
1653683517.266177,8724,21.525054931640625
1653683554.8694627,8744,21.68886947631836
1653683568.5827093,8752,21.576627731323242
1653683571.9159424,8754,21.549922943115234
1653683597.5898645,8765,21.670412063598633
1653683623.6618223,8776,21.820343017578125
1653683628.2185032,8778,21.831825256347656
1653683649.6150746,8788,21.875492095947266
1653683669.2459548,8799,21.830480575561523
1653683676.1149356,8803,21.938045501708984
1653683679.5571067,8805,21.950523376464844
1653683692.099795,8812,21.873863220214844
1653683706.2204642,8820,21.852596282958984
1653683711.9893062,8823,21.79800796508789
1653683715.5548968,8825,21.78194808959961
1653683731.463175,8833,21.57503890991211
1653683787.5512736,8865,21.303760528564453
1653683797.2823644,8870,21.11772918701172
1653683809.7563076,8877,21.009000778198242
1653683828.8490386,8888,20.85373878479004
1653683839.1959693,8894,20.698577880859375
1653683853.103161,8901,20.632930755615234
1653683872.149984,8912,20.461591720581055
1653683881.8197808,8917,20.483760833740234
1653683889.0373924,8921,20.472803115844727
1653683922.0457206,8940,20.476648330688477
1653683966.467841,8966,20.789928436279297
1653683974.2107997,8970,20.88859748840332
1653683988.9717522,8979,20.939945220947266
1653684000.020354,8985,20.991302490234375
1653684001.430372,8986,21.030858993530273
1653684008.385956,8990,21.079374313354492
1653684037.9706032,9006,21.405466079711914
1653684069.27542,9022,21.51880645751953
1653684089.3124537,9033,21.583921432495117
1653684119.115331,9049,21.45621109008789
1653684135.1531465,9058,21.195415496826172
1653684147.122453,9065,21.15766143798828
1653684156.0500212,9070,21.082521438598633
1653684241.14895,9117,21.200420379638672
1653684248.3546572,9121,21.20154571533203
1653684302.9265907,9152,21.44498634338379
1653684316.7025726,9160,21.486549377441406
1653684318.866261,9161,21.45213508605957
1653684322.5601633,9163,21.410533905029297
1653684324.8528552,9164,21.40655517578125
1653684338.852633,9172,21.436120986938477
1653684364.843019,9187,21.32797622680664
1653684370.3688385,9190,21.288606643676758
1653684374.9601421,9193,21.28900718688965
1653684387.3220484,9200,21.083019256591797
1653684392.6695817,9203,21.09185028076172
1653684401.7171037,9208,20.933149337768555
1653684408.647393,9212,20.97547149658203
1653684424.341525,9221,21.071866989135742
1653684425.5720582,9222,21.067354202270508
1653684433.1495123,9226,21.09674072265625
1653684446.7166948,9234,21.091205596923828
1653684471.0712535,9248,21.27644920349121
1653684478.2390678,9252,21.292089462280273
1653684479.5657356,9253,21.300695419311523
1653684545.608013,9291,21.6314640045166
1653684567.5009873,9303,21.764991760253906
1653684571.0402973,9305,21.77284812927246
1653684583.6888847,9312,21.844287872314453
1653684601.04731,9322,21.78367042541504
1653684603.3781905,9323,21.768651962280273
1653684610.9488773,9327,21.805133819580078
1653684614.3031092,9329,21.800317764282227
1653684620.9301167,9333,21.68973159790039
1653684626.434543,9336,21.62701988220215
1653684641.756827,9345,21.524099349975586
1653684652.9299226,9352,21.356651306152344
1653684666.3747141,9359,21.302061080932617
1653684677.4712746,9365,21.364255905151367
1653684678.7161887,9366,21.363208770751953
1653684689.1987321,9372,21.2719783782959
1653684698.1507454,9377,21.212810516357422
1653684716.3251238,9387,21.15582275390625
1653684733.1291182,9397,21.27585792541504
1653684743.16728,9403,21.323223114013672
1653684754.0537944,9409,21.33622932434082
1653684769.7153378,9418,21.323335647583008
1653684804.7416463,9438,21.27509117126465
1653684810.4378445,9441,21.276090621948242
1653684813.8892722,9443,21.301067352294922
1653684834.8366966,9455,21.403154373168945
1653684836.157116,9456,21.40215301513672
1653684850.347435,9464,21.43625831604004
1653684860.3869958,9470,21.544965744018555
1653684863.6382847,9472,21.48206901550293
1653684891.5929613,9488,21.60845184326172
1653684892.8619378,9489,21.643165588378906
1653684894.9521005,9490,21.645309448242188
1653684898.456111,9492,21.679977416992188
1653684948.3668313,9520,21.722213745117188
1653684954.0714076,9523,21.713516235351562
1653684955.3676872,9524,21.731460571289062
1653684981.1111386,9538,22.037748336791992
1653684997.0674443,9547,22.130325317382812
1653685012.703305,9556,22.197050094604492
1653685030.1326883,9566,22.16721534729004
1653685039.2675269,9571,22.17963409423828
1653685073.7983453,9590,21.889820098876953
